1222897217,提出“灭人之国，必先去其史”警言的著名学者是：,C,"陈寅恪
梁启超
龚自珍
顾炎武
梁启超
陈寅恪
顾炎武
龚自珍
",1
1222897219,1840年以来至今170多年中国近现代史的主题是：,B,"国家独立
实现中华民族伟大复兴
现代化
革命
",1
1222897220,中国近代史和中国现代史的分界点是：,D,"1978年
1919年
1911年
1949年 
1949年 
1919年
1911年
1978年
",1
1222897221,提出马克思主义的唯物史观是“唯一的科学的历史观”的是：,D,"伯恩斯坦
斯大林
恩格斯
列宁
列宁
恩格斯
伯恩斯坦
斯大林
",1
1222897223,由“盲人摸象”的故事对于我们学习历史最重要的启示是：,C,"只有了解历史的真相才能得出正确的结论
必须充分的掌握历史材料
不能以碎片化的历史细节得出整体历史的结论
必须把具体的历史事件放在历史发展的全过程中进行考察
",1
1222897224,习近平总书记所说的“深刻改变近代以后中华民族发展的方向和进程，深刻改变了中国人民和中华民族的前途和命运”的重大历史事件是指：,D,"辛亥革命
改革开放
社会主义改造的完成
中国共产党的成立
",1
1222897226,中国近代最早明确提出“振兴中华”口号的是：,B,"康有为
孙中山 
梁启超
杨度
杨度
孙中山 
康有为
梁启超
",1
1222897227,下列选项中属于“四个选择”的有：,BCDE,"历史和人民选择了人民民主专政
历史和人民选择了中国共产党
历史和人民选择了社会主义
历史和人民选择了马克思主义
历史和人民选择了改革开放
",2
1222897229,下列选项中属于20世纪中国三次历史性巨变的有：,ABC,"辛亥革命
新中国建立和社会主义制度建立
改革开放
抗日战争胜利
国民革命
",2
1222897230,近代中国的现代化主要是指：,ACD,"物质文明的现代化
社会文明的现代化
制度文化的现代化
精神文明的现代化
生态文明的现代化
精神文明的现代化
制度文化的现代化
物质文明的现代化
社会文明的现代化
",2
1222897222,提出“明镜所以察形，往古者所以知今”的思想家是:,B,"王充 
孔子
魏征
孟子 
魏征
王充 
孟子 
孔子
",1
1222897225,中国近代史时期是指：,B,"1840年至1911年
1840年至1949年
1840年至1945年
1840年至1919年
",1
1222897228,下列选项中属于中国共产党历史上“三件大事”的有：,ADE,"进行了改革开放的伟大革命
取得了抗日战争的伟大胜利，奠定了中华民族复兴的基础
走出了农村包围城市，武装夺取政权的革命道路
取得了新民主主义革命的胜利，建立了新中国
完成了社会主义改造，建立了社会主义制度
取得了抗日战争的伟大胜利，奠定了中华民族复兴的基础
进行了改革开放的伟大革命
走出了农村包围城市，武装夺取政权的革命道路
取得了新民主主义革命的胜利，建立了新中国
",2
1222897218,有人认为辛亥革命的直接结果是导致了北洋军阀的黑暗统治，因此，这场革命并没有进步意义。这种认识的错误在于：,D,"完全背离了历史事实
以碎片化的历史来代替整体的历史
故意夸大辛亥革命的消极结果
没有能够区分清楚历史的主流和支流
故意夸大辛亥革命的消极结果
以碎片化的历史来代替整体的历史
没有能够区分清楚历史的主流和支流
完全背离了历史事实
",1
1222897231,下列选项中不属于唯物史观的观点是：,ACD,"社会意识决定社会存在
人民群众是历史的创造者
人类历史是“绝对观念”发展到一定阶段而外化的产物
伟大的英雄对历史的发展决定性作用
革命是历史的火车头
伟大的英雄对历史的发展决定性作用
人民群众是历史的创造者
社会意识决定社会存在
人类历史是“绝对观念”发展到一定阶段而外化的产物
",2
1222897235,汉武帝确立独尊儒术的政策后，中国封建社会的正统思想是,A,"儒家思想
阴阳家思想
佛教思想
墨家思想
",1
1222897237,19世纪末资本主义进入帝国主义阶段后，（      ）成为殖民主义剥削的重要形式，并出现瓜分世界的狂潮,D,"商品输出
贩卖奴隶
掠夺土地
资本输出
",1
1222897252,西方殖民主义来到东方，其目的是,C,"给东方国家带来自由、平等和博爱
使东方国家成为独立的资本主义社会
使东方国家成为自己的殖民地、半殖民地
帮助东方国家从封建制度的束缚下解放出来
",1
1222897253,近代中国人民的斗争，主要是以（  ）为出发点的,D,"打到土豪
反对封建主义
收复国土
挽救民族危亡
",1
1222897255,近代中国新生产力的代表是,A,"工人阶级
民族资产阶级
小资产阶级
农民阶级
",1
1222897257,标志世界历史开始进入资本主义时代的事件是,C,"工业革命
法国的大革命
英国的资产阶级革命
美国的独立战争
",1
1222897259,近代中国产业工人的后备军是,D,"破产的民族资产阶级
破产的地主阶级
破产的官僚
破产的农民和手工业者
",1
1222897246,中国封建社会的基本特征是,ACDE,"封建地主土地所有制经济占主导地位
封建庄园经济
儒家思想为正统思想
封建宗法等级制度
高度中央集权的封建君主专制
",2
1222897250,近代以来中华民族面临的两大历史任务是,AB,"实现国家富强和人民富裕
争取民族独立和人民解放
进行民主改革
开展武装斗争
实行土地革命
",2
1222897251,下列关于中国近代民族资产阶级的叙述，正确的是,AD,"是在政治上表现出两面性的阶级
孔祥熙是民族资产阶级的代表
有一部分来自官僚买办资本家
同外国资本主义和本国封建主义有千丝万缕的联系
由于残酷剥削工人而成为民主革命的对象
",2
1222897242,中国近代沦为半殖民地半封建社会，其中“半殖民地半封建”的含义是,B,"中国社会一半是殖民地，一半是封建帝国
政治上独立国拥有的完整主权部分丧失；经济上自然经济遭到破坏，出现了资本主义生产关系但它并没有成为中国社会经济的主要形式
政治上是殖民地，经济上是封建经济
封建的自然经济解体，商品经济发展
",1
1222897245,下列关于近代中国半殖民地半封建社会基本特征的描述，不正确的是,B,"封建地主的土地所有制依然在广大地区保持着，成为中国发展的严重障碍
中国各地发展大体平衡，整个国家处于落后状态
西方侵略势力日益成为支配中国的决定性力量
中国封建势力日益衰败，成为资本—帝国主义压迫、奴役中国人民的社会基础和统治支柱
",1
1222897254,近代中国民主革命的主力军是,B,"民族资产阶级
农民阶级
小资产阶级
工人阶级
",1
1222897256,近代中国最革命的阶级是,B,"农民阶级
工人阶级
小资产阶级
民族资产阶级
",1
1222897249,近代中国半殖民地半封建社会的主要矛盾是,CD,"资产阶级与工人阶级的矛盾
地主阶级与农民阶级的矛盾
帝国主义与中华民族的矛盾
封建主义与人民大众的矛盾
资产阶级与地主阶级的矛盾
",2
1222897240,中国近代社会的性质是,A,"半殖民地半封建社会
资本主义社会
殖民地社会
封建社会
",1
1222897244,中国近代半殖民地半封建社会最主要的矛盾是,D,"资产阶级与工人阶级的矛盾
地主阶级与农民阶级的矛盾
封建主义与人民大众的矛盾
帝国主义与中华民族的矛盾
",1
1222897258,帝国主义没有能够对中国实行直接的殖民统治，而是通过其代理人对中国实行间接统治，其根本原因是,D,"中国一直是一个统一的大国
帝国主义不可能形成共同瓜分中国的局面
帝国主义争夺中国的矛盾无法协调
中国人民顽强、持久的反抗
",1
1222897247,中国封建社会的社会结构特点是族权和政权相结合的封建宗法等级制度。其核心是宗族家长制，突出,BCD,"妻权
君权
父权
夫权
族长权
",2
1222897238,鸦片战争以清政府的失败而告终。1842年8月29日，清政府与英国签订了中国近代史上的第一个不平等条约是,C,"中法《黄埔条约》
中英《虎门条约》
中英《南京条约》
中美《望厦条约》
",1
1222897239,中国近代史的起点是,A,"鸦片战争
中法战争
甲午战争
八国联军侵华战争
",1
1222897248,近代中国新产生的阶级有,AD,"工人阶级
地主阶级
农民阶级
中国资产阶级
城市贫民
",2
1222897241,把鸦片战争作为中国近代史的开端，最主要的根据是,C,"中国长期闭关锁国状况被打破
中国社会经济发生了变化
中国社会性质发生了变化
中国第一次被英国打败
",1
1222897236,世界历史开始进入资本主义时代的标志性事件是,C,"1680年俄国彼得一世改革
1868年日本明治维新
1640年英国资产阶级革命
1789年法国大革命
",1
1222897243,近代中国诞生的新兴的被压迫阶级是,B,"民族资产阶级
工人阶级
买办阶级
地主阶级
",1
1222897271,鸦片战争后外国人可以在中国横行不法，中国政府却无权干预，是因为资本—帝国主义列强在中国享有,D,"驻军权
传教权
协定关税权
领事裁判权
",1
1222897273,自1863年任中国海关总税务司开始，掌握中国海关大权达40余年之久的是英国人,B,"林乐知
赫德
李泰国
李提摩太
",1
1222897278,孙中山说过：“经过那次血战之后，外国人才知道中国还有民族思想，这种民族是不可消灭的”，“那次血战”指的是,D,"辛亥革命
三元里人民抗英斗争
太平天国运动
义和团运动
",1
1222897282,“师夷长技以制夷”的思想是魏源在哪一部著作中提出来的,C,"《康遒纪行》
《朔方备乘》
《海国图志》
《瀛环志略》
",1
1222897286,严复翻译的、用“物竟天择”“适者生存”的社会进化论思想，为危机意识和民族意识提供理论依据的著作是,C,"《法意》
《原富》
《天演论》
《穆勒名学》
",1
1222897302,《海国图志》和《资政新篇》有相似之外是都主张,D,"进行政治、经济、文化制度的改革
在中国发展资本主义
进行资本阶级思想启蒙运动
向西方学习
",1
1222897304,“鸦片烟，真狡狯……这是西洋要将中国害。远从印度运将来……将一座好神州化作烟世界。”这首民间歌谣反映的社会问题最早出现于,D,"清朝前期
民国时期
义和团运动时期
晚清时期
",1
1222897309,19世纪70年代前后，民族资本主义在沿海通商口岸地区产生的主要原因是,D,"受西方侵略较早，自然经济解体较早
商品经济发达，资本主义萌芽最早出现
对外交通便利，便于引进西方机器设备
外资企业和洋务企业的刺激、诱导
",1
1222897324,近代中国司法主权受到破坏，规定外国享有领事裁判权的条约是,D,"《马关条约》
《南京条约》
《北京条约》
《望厦条约》
",1
1222897326,八股取士是何时废除的,C,"洋务运动
五四运动
维新变法
辛亥革命
",1
1222897293,沙皇俄国先后侵占中国领土150多万平方公里，是通过下列哪几个不平等条约实现的,ACDE,"《勘分西北界约记》
《望厦条约》
《北京条约》
《改订伊犁条约》和5个勘界议定书
《瑷珲条约》
",2
1222897294,为了统治中国，资本—帝国主义列强在政治上采取的主要方式是,ABE,"镇压中国人民的反抗
扶植、收买代理人
发动侵略战争，划分势力范围
实行商品倾销和资本输出
控制中国的内政、外交
",2
1222897295,资本—帝国主义列强对中国进行经济侵略的方式除战争赔款外，主要是利用其与清政府签订的不平等条约赋予的特权，掠夺的方式有,ABCE,"剥夺中国的关税自主权
操纵中国的经济命脉
实行商品倾销和资本输出
扶植和收买代理人
控制中国的通商口岸
",2
1222897296,19世纪70至80年代，中国陷入“边疆危机”，其主要事件有,ABCDE,"英国从印度侵入西藏
法国从越南侵犯广西
日本吞并琉球，侵犯台湾
英国从缅甸入侵云南
俄国从中亚入侵新疆
",2
1222897298,从1840年至1919年的80年间，中国历次反侵略战争失败的原因，从内部因素来分析，主要有,BD,"人民没有动员起来
经济技术落后
没有抗击侵略者的人才
社会制度腐败
思想意识的落后
",2
1222897272,开放汉口为通商口岸的条约是,A,"《天津条约》
 《马关条约》
《南京条约》
《北京条约》
",1
1222897274,帝国主义列强对中国进行文化渗透的目的是,C,"进行传教活动
干涉中国内政
宣扬殖民主义奴化思想，麻醉中国人民的精神，摧毁民族自信心
传播西方文化和科学
",1
1222897307,与以往的农民战争相比，太平天国运动体现出的新特点不包括,C,"遭中外反动势力联合绞杀
担负反封建反侵略双重革命任务
利用宗教形式来组织发动群众
是中外民族矛盾和阶级矛盾综合作用的产物
",1
1222897314,天京变乱说明的本质问题是,B,"太平天国政权的封建化
农民阶级存在严重的局限性
统治集团内部争权夺利不可避免
太平天国由盛转衰
",1
1222897316,洋务运动未能使中国走上富强的根本原因是,A,"没有触动封建生产关系
单纯学习西方科技以求自强
西方列强极力阻碍破坏
没有采用资本主义生产管理制度
",1
1222897319,近代历史上，通过不平等条约在中国攫取中国领土最多的国家是,A,"俄国
英国
日本
美国
",1
1222897320,洋务运动所举办的民用工业，最多采取的形式是,D,"官办
商办
官商合办
官督商办
",1
1222897323,造成太平天国与旧式农民起义有新的不同特点的主要原因是,B,"领导阶级不同
所处时代不同
组成成分不同
指挥思想不同
",1
1222897327,标志着清政府成为“洋人的朝廷”的条约是,D,"《马关条约》
《北京条约》
《南京条约》
《辛丑条约》
",1
1222897290,中国近代史上，与香港有关的条约有哪些,AC,"《南京条约》
《辛丑条约》
《北京条约》
《瑷珲条约》
《望厦条约》
",2
1222897297,帝国主义列强没有实现瓜分中国的图谋的主要原因有,AD,"中华民族不屈不挠的反侵略斗争
帝国主义国家的自动放弃
中国封建统治的牢固
帝国主义列强之间的矛盾和互相制约
帝国主义国家希望发展中国的资本主义
",2
1222897268,资本—帝国主义列强对中国的侵略，首先和主要的是进行,C,"文化渗透
政治控制
军事侵略
经济掠夺
",1
1222897276,为列强侵略中国制造舆论，基督教在中国设立的最大出版机构广学会发行的刊物是,A,"《万国公报》
《新民丛报》
《字林西报》
《民报》
",1
1222897279,《马关条约》签订后，三个帝国主义国家联合起来，要求日本将辽东半岛退还给中国。这三国是,D,"俄意日
德日澳
英法德
俄法德
",1
1222897284,郑观应提出进行“商战”，设立议院，实行“君民共主”制度等主张的著作是,C,"《劝学篇》
《海国图志》
《盛世危言》
《校邠庐抗议》
",1
1222897285,中国人开始有了普遍的民族意识的觉醒，是在,C,"第二次鸦片战争以后
中法战争以后
中日甲午战争以后
八国联军侵华战争以后
",1
1222897287,德国元帅瓦德西说：“无论欧、美、日本各国，皆无此脑力与兵力，可以统治此天下生灵四分之一，故瓜分一事，实为下策。”这表明,A,"帝国主义瓜分中国图谋的破产
帝国主义之间相互勾结
帝国主义已放弃灭亡中国的图谋
帝国主义之间的矛盾
",1
1222897321,所谓“国中之国”是指,A,"租借地
帝国主义强迫我国开放的通商口岸
帝国主义强迫清政府割让的土地
帝国主义在华的势力范围
",1
1222897328,西方资本帝国主义国家开始大规模对华资本输出，是在,D,"鸦片战争之后
八国联军侵华之后
第二次鸦片战争之后
甲午战争之后
",1
1222897288,资本—帝国主义列强对中国的军事侵略是逐步升级的，主要有,BCD,"占领全中国
骚扰、蚕食中国沿海、边疆
割占中国大片领土
瓜分中国
通商
",2
1222897289,1900年7月，俄国入侵中国东北时，先后制造的惨案有,AB,"海兰泡惨案
江东六十四屯惨案
洛门罕惨案
中东路惨案
旅顺惨案
",2
1222897291,关于租界的叙述，正确的有,BCDE,"中国政府对租界内的行政、司法有干预权
到1911年，外国人中国16个城市，设立了30多个租界
外国侵略者在租界逐步排斥中国的主权，使租界成为“国中之国”
1845年，英国租得上海外滩附近837亩土地，设立英租界，这是外国人在中国设立租界的开端
租界成了“冒险家的乐园”和外国侵略中国的据点
",2
1222897269,1895年签订的割去中国台湾全岛及所有附属岛屿和澎湖列岛的条约是,C,"《望厦条约》
《南京条约》
《马关条约》
《北京条约》
",1
1222897310,鸦片战争前，在中英正当贸易中，英国卖给中国的商品是呢绒、棉布等，而中国卖给英国的商品是茶叶、生丝、药材等，从根本上表明,D,"两国的地理环境不同
两国的风俗习惯不同
两国的政治制度不同
两国的经济水平不同
",1
1222897311,鸦片战争后，中国茶和丝的出口量大增，其客观进步性表现有,D,"使清政府贸易逆差得到扭转
使中国关税收入大增
使中国产品在国际上竞争力增强
促进了商品经济的发展
",1
1222897313,在中日《马关条约》中，有利于列强进行资本输出的条款是,B,"给予日本巨额赔款
允许日本在通商口岸开设工厂
开放苏州杭州富庶地区为商埠
割台湾及附属岛屿
",1
1222897281,近代中国睁眼看世界第一人是,A,"林则徐
魏源
康有为
严复
",1
1222897299,英国强迫清政府割让香港的条约是,D,"1895年《马关条约》
1858年《瑷珲条约》
1860年《北京条约》
1842年《南京条约》
",1
1222897303,1839年组织编写成《四洲志》，向中国人介绍西方情况的是,D,"马建忠
郑观应
魏源
林则徐
",1
1222897305,英国通过鸦片战争，强迫清政府开放了十余个通商口岸，英国侵害的本质意图应是,C,"把中国变成英国的海外殖民地
维护可耻的鸦片贸易，并使之合法化
打开中国大门，使其成为商品市场和原料产地
积累原始资本
",1
1222897312,太平天国军事上达到全盛时期，又包含着隐患。主要是指,C,"一系列军事行动中太平军人员伤亡惨重
外国侵略势力准备武装干涉
缺乏政治、经济和思想上的牢固基础
面临封建势力疯狂反扑
",1
1222897292,资本—帝国主义列强对中国的侵略的方式有,ACDE,"政治控制
和平演变
经济掠夺
军事侵略
文化渗透
",2
1222897275,到（      ）的订立为止，庞杂的不平等条约体系已宣告中国半殖民地社会的完全形成,B,"《马关条约》
 《辛丑条约》
《北京条约》
《天津条约》
",1
1222897280,19世纪40年代以后，帝国主义列强一次又一次地发动对中国的侵略战争并没有能够实现他们灭亡和瓜分中国的图谋，最根本的原因是,D,"中国经济政治发展不平衡
中西文化存在巨大差异
帝国主义列强之间的矛盾和相互制约
中华民族进行的不屈不挠的反侵略战争
",1
1222897315,魏源、林则徐“师夷长技以制夷”与洋务派“师夷长技以自强”的主要差异在于,A,"向西方学习的目的
向西方学习的内容
向西方学习的手段
向西方学习的结果
",1
1222897317,最能体现太平天国社会理想和这次农民战争特点的纲领性的文件是,D,"《资政新篇》 
《十条天款》
《太平条规》
《天朝田亩制》
",1
1222897318,最早对兴办洋务事业指导思想作出比较完整表述的人是,B,"郑观应
冯桂芬
张之洞
王韬
",1
1222897322,中国的关税自主权开始遭到破坏是在哪个条约,A,"《南京条约》
《天津条约》
《马关条约》
《北京条约》
",1
1222897270,英国军官戈登承认：“我们就这样以最野蛮的方式摧毁了世界上最宝贵的财富”，这个“世界上最宝贵的财富”是,D,"故宫
长城
颐和园
圆明园
",1
1222897283,近代历史上，中国“不败而败”的对外战争是,C,"中日战争
第二次鸦片战争
中法战争
第一次鸦片战争
",1
1222897300,鸦片战争后，中国社会最主要的矛盾是,A,"帝国主义和中华民族的矛盾
地主阶级和农民阶级的矛盾
封建主义和人民大众的矛盾
清朝统治和汉族的矛盾
",1
1222897306,1840年—1860年英国连续发动两次鸦片战争的动力来自于,C,"资本主义本质
第二次工业革命
工业革命
资本主义制度
",1
1222897277,中国近代史上中国人民第一次大规模的反侵略武装斗争是,C,"虎门销烟
义和团运动
三元里人民抗英斗争
太平天国运动
",1
1222897301,鸦片战争前，中国社会经济中占统治地位的是,A,"自然经济
半殖民地经济
商品经济
资本主义经济
",1
1222897308,李大钊说：“太平天国禁止了鸦片，却采用了宗教，不建设民国，而建设天国，这是他们失败的重要原因”。这句话揭示的本质问题是,B,"宗教是人民的麻醉剂，农民政权不该利用宗教麻醉农民阶级
农民阶级不是先进生产力的代表，提不出科学理论和正确目标
天平天国的错误选择，贻误了中国近代政治民主化的进程。
天国只是一种宗教幻想，现实世界不可能实现
",1
1222897404,最能体现太平天国社会理想和这次农民起义特色的纲领性文件是,C,"《天父诗》
《原道醒世训》
《天朝田亩制度》
《资政新篇》
",1
1222897405,中国近代历史上第一个比较系统的发展资本主义方案是,D,"《盛世危言》
《海国图志》
《救亡决论》 
《资政新篇》
",1
1222897407,太平天国失败的表明,B,"农民阶级不能正确对待传统文化
农民阶级不能担负起领导反帝反封建斗争取得胜利的重任
农民阶级不能正确对待宗教
农民阶级无法长期保持领导集团的团结
",1
1222897409,19世纪60年代，清朝统治集团中倡导洋务的首领人物是,B,"桂良
奕
曾国藩
李鸿章
",1
1222897410,洋务派兴办洋务事业的指导思想是,C,"师夷长技以制夷
物竞天择，适者生存
中学为体，西学为用
变法维新，救亡图存
",1
1222897411,洋务派创办的当时国内最大的兵工厂是,A,"江南制造总局
马尾船政局
天津机器局
湖北枪炮厂
",1
1222897412,近代中国派遣第一批官派留学生是在,C,"戊戌维新时期
辛亥革命时期
洋务运动时期
清末&quot;新政&quot;时期
",1
1222897417,戊戌维新时期，梁启超的主要著述是,C,"《日本变政考》
《新学伪经考》
《变法通议》
《仁学》
",1
1222897418,戊戌维新时期，严复在天津主办的报纸是,D,"《湘报》
《时务报》
《大公报》
《国闻报》
",1
1222897419,“百日维新”开始的标志是,D,"“中体西用”思想的提出
公车上书
维新派与守旧派的论战
“明定国是”谕旨的颁布
",1
1222897424,下列关于《天朝田亩制度》叙述正确的是,ABDE,"具有空想性质，不可能实现
是一个以解决土地问题为中心的比较完整的社会改革方案
是一个具有鲜明资本主义色彩的方案
确定了平均分配土地的方案
它的主张从根本上否定了封建社会的基础即封建地主的土地所有制
",2
1222897430,下列关于洋务运动叙述正确的是,ACD,"洋务运动是封建统治阶级为了维护其统治而进行的一场自救运动
触及到了封建统治的根基
客观上对中国的早期工业和民族资本主义的发展起了某些促进作用
提出了“自强”和 “求富”的主张
是由资产阶级发动的
",2
1222897431,康有为、梁启超等为主要代表人物的资产阶级维新派，采取了下列行动宣传维新主张,ABCDE,"著书立书
介绍外国变法的经验教训
办报纸
办学会
向皇帝上书
",2
1222897432,戊戌维新时期，影响最大的宣传变法的报纸主要有,ABD,"《国闻报》
《湘报》
《大公报》
《时务报》
《湘江评论》
",2
1222897433,戊戌维新运动的重大历史意义是,BCD,"是一场正规的资产阶级民主革命
是一场思想启蒙运动
是一场资产阶级性质的政治改良运动
是一次爱国救亡运动
是一场封建统治阶级的自救运动
",2
1222897403,1853年3月，太平军占领南京，定为首都，改名为,B,"西京
天京
金陵
北京
",1
1222897406,太平天国由盛转衰的分水岭是,B,"天京城外的破围战
天京事变
金田起义
北伐失利
",1
1222897414,洋务运动失败的标志着是,B,"中法战争中国不败而败
甲午中日战争北洋海军全军覆没
中国民族资本主义的兴起
义和团运动兴起和发展
",1
1222897415,资产阶级思想与封建主义思想在中国的第一次正面交锋是,B,"洋务派与顽固派的论战
维新派与守旧派的论战
革命派与改良派的论战
洋务派与维新派的论战
",1
1222897425,太平天国农民起义的历史意义,ABCDE,"沉重打击了封建统治阶级，强烈撼动了清政府的统治根基
打击了外国侵略势力
在一定程度上虚弱了封建统治的精神支柱
是中国旧式农民战争的最高峰，同时又具有不同于以往农民战争的新的历史特点
冲击了西方殖民主义者在亚洲的统治
",2
1222897427,洋务派兴办的洋务事业主要有以下几方面,ACD,"兴办近代企业
设议院，开国会
建立新式海陆军
创办新式学堂，派遣留学生
废除八股
",2
1222897413,洋务派倡导洋务运动的根本目的是,A,"维护封建统治
发展资本主义
发展新式学堂
抵抗外国侵略
",1
1222897416,戊戌维新时期，康有为创办的培养维新干部的重要学堂是,C,"时务学堂
广方言馆
广州万木草堂
京师大学堂
",1
1222897420,京师大学堂创设于,A,"戊戌变法时期
新文化运动时期
辛亥革命时期
洋务运动时期
",1
1222897423,中国民族资产阶级登上政治舞台的第一次表演是,C,"洋务运动
辛亥革命
戊戌维新
五四运动
",1
1222897428,洋务派创办的军用工业有,ABCD,"福州船政局
金陵机器局
天津机器局
江南制造总局
轮船招商局
",2
1222897429,洋务运动失败的原因主要是,ABD,"依赖型
封建性
独立性
腐朽性
落后性
",2
1222897426,下列人物中属于洋务派代表人物的有,ABCDE,"奕訢
曾国藩
张之洞
左宗棠
李鸿章
",2
1222897408,对洋务派兴办洋务事业的指导思想最先作出比较完整表述的是,A,"冯桂芬
曾国藩
马建忠
张之洞
",1
1222897422,百日维新中，光绪皇帝颁布的政令要求裁减旧式绿营兵，改练,C,"新式海军
新式骑兵
新式陆军
新式炮兵
",1
1222897421,百日维新中，光绪皇帝颁布的政令要求各省书院改为,B,"专业学会
高等学堂
预备学校
私塾
",1
1222897335,1903年邹容写的（      ）是中国近代史上第一部宣传革命和资产阶级共和国思想的著作,B,"《猛回头》
《革命军》
《警世钟》
《驳康有为论革命书》
",1
1222897344,中国历史上第一部具有资产阶级共和国宪法性质的法典是,A,"《中华民国临时约法》
《试训政纲领》
《钦定宪法大纲》
《中华民国约法》
",1
1222897345,辛亥革命的最大功绩是,A,"结束了2000多年的君主专制政体，建立了资产阶级共和国
使人民获得了一些民主和自由的权利
使民主共和观念深入人心
为资本主义的发展创造了条件
",1
1222897373,下列选项中，不属于1901年清政府实行的“新政”内容是,D,"奖励实业
派遣留学生
编练新军
裁撤军机处
",1
1222897374,孙中山三民主义思想的核心是,D,"恢复中华
驱除鞑虏
平均地权
创立民国
",1
1222897375,1912年1月1日，孙中山在（     ）宣誓就职，宣告中华民国正式成立,C,"北京
上海
南京
广州
",1
1222897378,“府院之争”中，美国支持黎元洪反对中国参加第一次世界大战的目的是,C,"加强中立国的力量
扶植黎元洪当总统
防止日本独霸中国
抵制皖系势力
",1
1222897386,清政府于1906年宣布“预备仿行宪政”后，又规定了（     ）年的预备立宪期限,A,"9年
7年
6年
8年
",1
1222897388,清政府为形势所迫不得不成立的责任内阁是在,A,"1911年
1909年
1908年
1910年
",1
1222897393,清帝退位时间是,A,"1912年2月
1911年12月
1912年1月
1911年10月
",1
1222897355,《辛丑条约》的签订，标志着,ABCDE,"国人对清政府更为失望
中国半殖民地半封建社会的格局基本形成
外国军队有权在北京使馆区等地“留兵驻守”
清政府甘当“洋人的朝廷”
清政府政府彻底放弃了抵抗外国侵略者的念头
",2
1222897360,为了防范袁世凯的独裁野心，1912年2月14日，临时大总统孙中山在给临时参议院的辞职咨文中提出辞职的附加条件是,ABC,"临时政府设在南京
新总统要遵守《中华民国临时约法》
新总统到南京就职
清帝退位
",2
1222897361,辛亥革命失败后，资产阶级革命派为挽救革命成果而进行的斗争主要有,ABD,"二次革命
护国运动
保路风潮
护法运动
",2
1222897362,袁世凯篡夺辛亥革命胜利果实的主要原因是,ABCDE,"资产阶级的软弱性
袁世凯假意赞成共和
国内封建势力的支持
帝国主义的支持
袁世凯拥有强大的军事力量
",2
1222897363,以袁世凯为首的北洋军阀投靠帝国主义的表现为,ACD,"基本接受日本提出的严重损害中国权益的“二十一条”
扩充军队，建立特务警察系统
与列强签订“善后大借款”合同，使列强控制和监督中国财政
出卖路权、矿权，大肆借款，并签订众多不平等条约
",2
1222897341,辛亥革命爆发前，长期深入湖北新军做宣传组织工作的是,C,"日知会与共进会
同盟会与保路同志会
文学社与共进会
文学社与同盟会
",1
1222897342,武昌起义的导火线是,A,"保路运动
黄花岗起义
萍浏醴起义
广州起义
",1
1222897343,中华民国元年是,D,"1910年
1913年
1911年
1912年
",1
1222897346,辛亥革命成果被袁世凯窃取的标志是,D,"清帝退位
袁世凯颁布《中华民国约法》
袁世凯就任正式大总统
孙中山辞职，临时政府迁往北京
",1
1222897367,1908年清政府颁布的法律是,C,"《大清民律草案》
《大清新刑律》
《钦定宪法大纲》
《钦定大清商律》
",1
1222897369,清政府设立督办政务处，宣布实行“新政”是在,B,"1900年
1901年
1902年
1905年
",1
1222897389,清政府设立的责任内阁中，皇族占,A,"7人
13人
9人
8人
",1
1222897359,《中华民国临时约法》的内容包括,ABCD,"国家体制实行内阁制
中华民国主权属于国民全体
中华民国国民一律平等
人民享有各项权利
",2
1222897364,关于辛亥革命的下列评价正确的是,ABCD,"是一次比较完全意义上的资产阶级民主革命
给人们带来了思想上的解放
结束了统治中国两千多年的封建君主专制制度
推动了亚洲各国民族解放运动的高涨
",2
1222897336,1903年6月，（      ）在上海《苏报》发表《驳康有为论革命书》，批驳康有为所谓“中国之可立宪，不可革命”的谬论,D,"梁启超
陈天华
邹容
章炳麟
",1
1222897337,中国近代第一个资产阶级革命政党是,C,"兴中会
强学会
中国同盟会
国民党
",1
1222897339,1905年11月，孙中山在《民报》发刊词中将中国同盟会的政治纲领概括为,D,"创立民国、平均地权
驱除鞑虏、恢复中华、创立合众政府
联俄、联共、扶助农工
民族主义、民权主义、民生主义
",1
1222897365,孙中山创立的“兴中会”的成立地点是,D,"香港
广州
东京
檀香山
",1
1222897370,1911年10月，湖北新军中的两个革命团体决定联合行动，在武昌举行起义，这两个团体是,C,"新民会和共进会
新民会和文学社
共进会和文学社
同盟会和华兴会
",1
1222897384,1904年，孙中山发表的指出只有推翻清政府，建立“中华民国”，才能真正解决中国问题的文章,A,"《中国问题的真解决》
《革命军》
《警世钟》
《驳康有为论革命书》
",1
1222897392,资产阶级改良派和资产阶级革命派分别以（     ）作为其主要舆论阵地进行了一场大论战,D,"《申报》和《民报》
《时务报》和《申报》
《国文报》和《新民丛报》
《新民丛报》和《民报》
",1
1222897358,1905年至1907年间，资产阶级革命派与改良派论战的主要议题是,ABD,"要不要社会革命
要不要以革命手段推翻清王朝
要不要废科举和兴西学
要不要推翻帝制，实行共和
",2
1222897352,袁世凯为复辟帝制不惜出卖主权，与日本签订了卖国的,B,"中日共同防敌军事协定
“二十一条”
出让川汉、粤汉铁路
承认外蒙自治
",1
1222897372,1913年，孙中山领导革命党人发动的反对袁世凯的斗争是,B,"护法运动
二次革命
保路运动
二次护法运动
",1
1222897379,1917年孙中山针对（    ）指出“以假共和之面孔，行真专制之手段”，并举起“护法”旗帜,D,"张勋
黎元洪
张作霖
段祺瑞
",1
1222897387,下列哪一项不属于清政府立宪的目的,C,"外患渐轻
内乱可弭
自强求富
 皇位永固
",1
1222897356,清末“新政”的内容主要包括,ABCD,"颁布商法商律，奖励工商
裁撤绿营，建立新军
颁布新的学制
设立商部、学部、巡警部等中央行政机构
",2
1222897357,20世纪初成立的资产阶级革命团体有,ABCD,"光复会
岳王会
华兴会
科学补习所
",2
1222897347,1912年8月，宋教仁为推行政党政治和建立责任内阁制，以同盟会为基础，联合其他党派在北京组成,B,"中华革命党
国民党
国民共进会
统一共和党
",1
1222897348,二次革命失败的最重要原因是,B,"革命党人军队不足
国民党力量涣散
袁世凯得到帝国主义的支持
袁世凯军队强大
",1
1222897351,资产阶级革命派开展护国运动的主要原因是,B,"袁世凯强迫国会选举他为正式大总统
袁世凯复辟帝制
袁世凯解散国会
袁世凯指使刺杀宋教仁
",1
1222897353,标志着整个中国民族资产阶级领导的旧民主主义革命终结的是,D,"护国运动的失败
二次革命的失败
保路风潮的失败
护法运动的失败
",1
1222897354,辛亥革命的失败是指,A,"没有完成反帝反封建的任务
没有促进中国革命的向前发展
没有推翻清政府的统治
没有打击帝国主义的在华势力
",1
1222897382,20世纪初主张“实业救国”的著名实业家楷模是,D,"荣宗敬
周学熙
荣德生
张謇
",1
1222897368,保路风潮中，运动最强烈的省份是,D,"湖北
湖南
广东
四川
",1
1222897376,辛亥革命取得的最大成就是,C,"人民获得了一些民主自由权利
促进了资本主义的发展
推翻了封建帝制
打击了帝国主义的殖民势力
",1
1222897385,中国资产阶级领导的民主革命进入到一个新阶段的标志是,B,"兴中会的成立
中国同盟会的成立
华兴会的成立
光复会的成立
",1
1222897338,同盟会的机关刊物是,C,"《新民丛报》
《国民报》
《民报》
《苏报》
",1
1222897340,武昌起义前同盟会领导的影响最大的武装起义是,C,"镇南关起义
萍浏醴起义
黄花岗起义
广州起义
",1
1222897350,1915年，（      ）在云南率先举起反袁护国的旗帜，发动护国战争,C,"黄兴
孙中山
蔡锷
段祺瑞
",1
1222897377,袁世凯死后，中国出现军阀混战局面的社会根源是,A,"半殖民地半封建的社会性质
军阀拥有武装
帝国主义扶植
军阀派系之间的矛盾
",1
1222897380,辛亥革命爆发后，英国乘机策动叛乱，企图分裂我国的,C,"新疆
蒙古
西藏
外蒙古
",1
1222897381,一战期间，中国民族工业发展最快的是,B,"榨油和制瓷
纺织和面粉
化工和火柴
造纸和纺织
",1
1222897349,1914年7月孙中山在东京成立了（      ），组织武装反袁,A,"中华革命党
中国同盟会
国民党
兴中会
",1
1222897394,中国民族资产阶级具有革命性和妥协性，导致这种特性出现的决定性因素是,B,"中国的封建势力根深蒂固
当时的中国是半殖民地半封建社会
民族资产阶级由官僚和地主发展而来
西方列强势力强大使民族资产阶级无力抵抗
",1
1222897438,1931年，日本帝国主义制造的侵略中国东北的事变是,C,"八一三事变
七七事变 
九一八事变
一二八事变
",1
1222897444,二战后，能够和美国抗衡的世界一流强国是,D,"法国
中国
英国
苏联
",1
1222897445,抗战胜利后，国民党统治区几乎形同（      ）的殖民地,A,"美国
苏联
法国
日本
",1
1222897447,在近代中国，最终成为中国最广大人民共同选择的建国方案是,B,"第三条道路
人民共和国方案
中间路线
资产阶级共和国方案
",1
1222897454,第二次世界大战中，_   是日本侵略最大的受害国,D,"菲律宾
朝鲜
缅甸
中国
",1
1222897456,帝国主义来到中国的目的是,C,"支持中国发展资本主义
为了使中国成为一个独立、富强的资本主义国家
是为了掠夺中国，发展它们自己的资本主义
希望中国成为它们平等的竞争对手
",1
1222897461,标志着中国人民抗日战争和世界反法西斯战争胜利结束的事件是,A,"日本代表在投降书上签字
美国在日本投掷原子弹
太平洋战争
苏联对日宣战
",1
1222897448,十月革命的世界意义是,ABCD,"开辟了人类历史的新纪元
给世界人民的解放事业开辟了广大的可能性和现实的道路
建立了一条新的反对世界帝国主义的战线
促进和加强了中国革命和世界各国人民斗争的国际联合
",2
1222897449,二战后，世界政治形势发生的新变化，主要是,ABC,"美、苏两级格局形成
人民民主力量显著增长
资本主义国家受到削弱
欧洲走向衰落和美国、日本的兴起
",2
1222897451,在1921年至1949年的时期中，中国存在的主要政治势力包括,ABD,"民族资产阶级
工人阶级、农民阶级和城市小资产阶级
顽固势力
地主和买办性的大资产阶级
",2
1222897441,"在1919年五四运动至1949年新中国成立以前这个时期,中国仍是",A,"半殖民地半封建社会
资本主义社会
社会主义社会
封建社会
",1
1222897446,在1921年至1949年的时期里，在中国存在的中间势力是指,B,"农民阶级
民族资产阶级
官僚资产阶级
小资产阶级
",1
1222897455,第二次世界大战中，首先进行反法西斯战争的国家是,D,"菲律宾
朝鲜
缅甸
中国
",1
1222897457,标志着欧洲战场反法西斯战争胜利结束的事件是,C,"斯大林格勒战役
诺曼底登陆战役
德国宣布无条件投降
莫斯科保卫战
",1
1222897458,标志着中国全民族抗战开端的事件是,D,"九一八事变
八一三事变
一二八事变
七七事变
",1
1222897462,第二次世界大战结束后，_   成为资本主义世界的霸主,D,"英国
法国
苏联
美国
",1
1222897450,在近代中国，压在中国人民身上的“三座大山”指的是,ABD,"外国帝国主义
本国封建主义
本国民族资产主义
官僚资本主义
",2
1222897452,资产阶级共和国的方案在中国行不通，是因为,ABCDE,"中国民族资产阶级的力量过于软弱
当时中国所处的时代条件和阶级关系状况不允许
民族资产阶级的建国方案脱离中国的实际
中国的反动统治者不能容忍任何民主改革
帝国主义反对中国成为一个独立、富强的资本主义国家
",2
1222897459,标志欧洲第二战场开辟的战役是,C,"莫斯科保卫战
斯大林格勒战役
诺曼底战役
豫湘桂战役
",1
1222897460,1942年元旦，领衔签署《联合国家宣言》的国家是,B,"美国、苏联、中国、德国
美国、英国、苏联、中国
美国、英国、中国、日本
美国、法国、苏联、中国
",1
1222897439,中国新民主主义革命必须实现的首要任务是,B,"反对官僚资本主义
反对帝国主义
反对封建主义
打倒军阀
",1
1222897440,一切革命的根本问题是,C,"土地问题
军队问题
国家政权问题
农民问题
",1
1222897442,世界上首先进行反法西斯战争的国家是,C,"苏联
法国
中国
美国
",1
1222897443,标志世界反法西斯战争发生根本转折的战役是,B,"诺曼底战役
斯大林格勒战役
莫斯科保卫战
豫湘桂战役
",1
1222897453,德国入侵_  ，第二次世界大战全面开始,A,"波兰
法国
阿比西尼亚
比利时
",1
1222897471,袁世凯窃取辛亥革命果实以后，统治中国的是,A,"北洋政府
伪国民政府
清政府
南京临时政府
",1
1222897476,五四运动的直接导火索,A,"巴黎和会中国外交的失败
十月革命
袁世凯复辟帝制
北洋政府的黑暗统治
",1
1222897484,中国共产党就国共合作的方针和办法作出正式的决定是在,D,"中共二大
中共四大
中共一大
中共三大
",1
1222897487,第一次国共合作时期创办的黄埔军校，同旧式军校的根本区别在于,D,"聘请外国军事顾问
注重军事训练
注重文化学习
注重培养爱国思想和革命精神
",1
1222897502,对封建旧礼教进行有力揭露和控诉，使反对“吃人的礼教”成为许多人的共同呼声的著作是,D,"《药》
《敬告青年》
《孔乙己》
《狂人日记》
",1
1222897504,对封建礼教进行有力的揭露和控诉，使反对“吃人的礼教”成了许多人的共同呼声的是,CH,"陈独秀的《敬告青年》
李大钊的《庶民的胜利》
鲁迅的《狂人日记》
胡适的《文学改良刍议》
李大钊的《庶民的胜利》
胡适的《文学改良刍议》
陈独秀的《敬告青年》
鲁迅的《狂人日记》
",1
1222897506,下列关于新文化运动意义的表述，不正确的是,C,"为马克思主义在中国的传播创造了条件
促使人们追求民主和科学，探索救国救民的真理
新民主主义革命的开端
我国历史上空前的一次思想大解放运动
",1
1222897509,19世纪末20世纪初的中国，外国传教士、资产阶级、先进知识分子、无政府主义者都在积极宣传各种社会思潮，包括马克思主义。这种现象的出现表明,B,"新文化运动推动了人们思想的解放
中国亟需改造社会的药方
马克思主义理论被知识分子普遍掌握
十月革命对中国影响深远
",1
1222897513,与李大钊的《我的马克思主义观》同时发表，且可称作该文的姊妹篇的是,B,"《谈政治》
《科学的社会主义》
《再论问题与主义》
《湖南农民运动考察报告》
",1
1222897514,1920年8月，《共产党宣言》中文全译本公开出版的翻译者是,C,"梁启超
李大钊
陈望道
胡适
",1
1222897492,《新青年》提出的基本口号是,AB,"科学
民主
平等
自由
",2
1222897493,十月革命之后，李大钊发表的一系列马克思主义著作有,ABC,"《Bolshevism的胜利》
《庶民的胜利》
《我的马克思主义观》
《民众大联合》
",2
1222897496,1921年，中共一大选举产生的中央局成员有,ABD,"李达
张国焘
毛泽东
陈独秀
",2
1222897497,出席中共一大的共产国际代表有,BD,"维经斯基
尼克尔斯基
鲍罗廷
马林
",2
1222897499,孙中山晚年确定的三大政策是,ACD,"联共
改组国民党
扶助农工
联俄
",2
1222897473,新文化运动兴起的根本原因,B,"无产阶级的兴起
中国民族资本主义的发展
民族资产阶级的壮大
外国资本主义积极政治的双重压迫
",1
1222897475,在中国率先举起马克思主义大旗的是,A,"李大钊
梁启超
李提摩太
孙中山
",1
1222897478,五四以前的新文化运动不能给近代中国人民指明真正的出路，是因为,B,"思想领域尊孔复古
实质上仍是资产阶级新文化
对中、西文化看法偏激
没有动摇封建统治的根基
",1
1222897482,1921年夏，在湖北黄冈开会，表示“赞成组织新式的党——波（布）尔什维克式的党，并提议要把组织的团体叫做‘波社’”的是,A,"利群书社
群益书社
D. 岳麓书社
黄山书社
",1
1222897485,新三民主义标志着孙中山晚年政治主张的新发展，这主要是因为,B,"开始彻底否定封建土地制度
号召反对西方列强的侵略
强调反对满族的民族压迫
提出了国家主权属于全体国民的主张
",1
1222897489,北伐战争中，有“铁军”称号的是,CE,"李福林的国民革命军第5军
张灵甫的第74军
叶挺的国民革命军第4军独立团
蒋介石的国民革命军第1军
叶挺的国民革命军第4军独立团
张灵甫的第74军
蒋介石的国民革命军第1军
李福林的国民革命军第5军
",1
1222897519,与中共一大相比较，中共二大最重要的贡献是确立了,C,"以工人运动为中心的任务
民主集中制的原则
在民主革命阶段的纲领
为共产主义奋斗的目标
",1
1222897491,下列属于新文化运动阵营的是,ABD,"李大钊
陈独秀
宋教仁
刘半农
",2
1222897498,1922年至1923年间共同构成第一个工人运动高潮的罢工运动有,ABCD,"京汉铁路工人罢工
安源路矿工人罢工
开滦五矿工人罢工
香港海员大罢工
",2
1222897500,中共二大的历史意义是,ABC,"明确提出中国革命的性质、对象和动力
提出依靠群众的路线方法
提出了中国共产党的最高纲领和最低纲领
规定了党的中心工作是开展工人运动
",2
1222897472,新文化运动开始的标志是，1915年9月陈独秀在上海创办,A,"《青年》杂志
 《新潮》杂志
《新青年》杂志
《共产党》月刊
",1
1222897483,1922年夏，吴玉章、杨闇公等20余人在四川秘密成立中国青年共产党，并发行,A,"《赤心评论》
《独立评论》
《当代评论》
《赤色评论》
",1
1222897501,1917年1月，蔡元培出任北大校长后聘请的文科学长是,B,"章太炎
陈独秀
鲁迅
胡适
",1
1222897507,李大钊在《庶民的胜利》中写道：“须知这种潮流，是只能迎，不能拒的。我们应该准备怎么能适应这个潮流，不可抗拒这个潮流。”文中的“潮流”指,A,"社会主义运动
民主革命
五四运动
辛亥革命
",1
1222897508,“多研究些问题，少谈些主义”错误的要害在于,A,"用资产阶级改良主义抵制马克思主义
宣传空想社会主义方案
把冒牌“社会主义”同马克思主义相提并论
把社会主义污蔑为“过激主义”
",1
1222897511,青年学生，总是用他们满腔的热血与辛勤汗水书写着永不褪色的青春传奇。1919年，就是这一群学生揭开了一个新时代的序幕。这个新时代是,A,"新民主主义革命时代
旧民主主义革命时代
资产阶级革命时代
社会主义建设新时代
",1
1222897516,中共“一大”在讨论实际工作计划时，决定首先集中精力从事的工作是,D,"发展党的组织
解决农民问题
开展军事斗争
组织工人运动
",1
1222897495,毛泽东曾说：“有三本书特别深地铭刻在我的心中，建立起我对马克思主义的信仰”，这三本书是,ACD,"马克思、恩格斯的《共产党宣言》
列宁的《国家与革命》
柯卡普的《社会主义史》
考茨基的《阶级斗争》
",2
1222897479,1919年6月3日以后，五四运动的主力从学生转为,A,"工人
知识分子
农民
小资产阶级
",1
1222897512,“学生罢课半月，政府不闻不问，且对待日益严厉。乃商界罢市不及一日，而北京被逮学生释，工界罢工不及五日，而曹、章、陆去。”这段材料说明五四运动中,B,"共产党的领导成为获胜的关键
工人阶级显示了巨大的力量
北洋军阀政府已经土崩瓦解
青年学生成为运动的主力
",1
1222897518,标志着中国第一次工人运动暂时转入低潮的惨案是,C,"沙基惨案
沙面惨案
二七惨案
沙田惨案
",1
1222897480,1927年，大革命的失败，主要是指,B,"工农运动开始转入低潮
没有完成反帝反封建的革命任务
右倾投降主义在共产党内占据上风
蒋介石、汪精卫相继背叛革命
",1
1222897520,北伐战争中，有“铁军”称号的是,C,"李福林的国民革命军第5军
蒋介石的国民革命军第1军
叶挺的国民革命军第4军独立团
张灵甫的第74军
",1
1222897488,第一次国共合作正式形成的标志是,B,"中国共产党二大
国民党一大
国民党二大
中国共产党一大
",1
1222897503,新文化运动是近代中国的第一次思想大解放，其“新”表现在,A,"宣传民主和科学
宣传暴力推翻清王朝
宣传“尊孔读经”
宣传变法维新
",1
1222897510,有材料说：“《凡尔赛和约》（对德‘合约’）最终没有中国的签名，他们，中国人，竟拒绝了我们，世界的统治者——西方世界的决定”。这主要是因为中国,D,"与会代表的积极努力
国际地位的提高
政府维护主权的强硬政策
五四爱国运动的推动
",1
1222897517,中共领导第一次工人运动高潮的起点是,B,"安源路矿工人罢工
香港海员罢工
京汉铁路工人罢工
开滦五矿工人罢工
",1
1222897494,早期信仰马克思主义的人物中，属于原中国同盟会会员、辛亥革命时期的活动家的是,BCD,"梁启超
吴玉章
董必武
林伯渠
",2
1222897486,1925年掀起全国范围的大革命高潮的历史事件是,B,"五四运动
五卅运动
新文化运动
整风运动
",1
1222897477,使中国革命面貌焕然一新的历史事件是,C,"五四运动
新文化运动
中国共产党的成立
第一次国共合作的建立
",1
1222897325,太平天国农民政权正式宣告建立是在,A,"1853年太平军占领南京，定为首都，改名天京
1843年洪秀全创立拜上帝教
1851年今天起义，建号太平天国
1856年太平天国发到军事上的全盛时期
",1
1222897390,孙中山向李鸿章上书是在,B,"1896年
1894年
1893年
1895年
",1
1222897366,在要不要推翻帝制，实行共和的论战中，梁启超认为首先要进行什么样的改变,D,"推行民主共和
推行开明专制
推行人民民主
推行君主立宪
",1
1222897371,袁世凯建立的北洋军阀政权代表的是,A,"大地主和买办资产阶级的利益
买办资产阶级的利益
大资本家的利益
大地主的利益
",1
1222897391,辛亥革命的中坚力量是,A,"青年知识分子
开明地主阶级
民族资产阶级
大资本家
",1
1222897383,标志着以慈禧太后为首的清政府甘心成为“洋人的朝廷”的事件是,B,"镇压义和团运动
《辛丑条约》的签订
八国联军入侵北京
戊戌政变
",1
1222897474,对封建礼教进行有力的揭露和控诉，使反对“吃人的礼教”成了许多人的共同呼声的是,B,"李大钊的《庶民的胜利》
鲁迅的《狂人日记》
陈独秀的《敬告青年》
胡适的《文学改良刍议》
",1
1222897481,1920年，中国工人阶级政党最早的组织建立于,B,"武汉
上海
北京
广州
",1
1222897505,新文化运动的矛头所向是,B,"封建文化和文言文
专制愚昧和迷信
北洋军阀的统治
儒家传统道德
",1
1222897490,1927年，蒋介石在上海制造了捕杀共产党员和革命群众的反革命政变是,C,"中山舰事件
七·一五政变
四·一二政变
西安事变
",1
1222897515,1920年11月，社会主义青年团成立的地址是,B,"北京
上海
武汉
东京
",1
1219907045,习平总书记所说的“深刻改变近代以后中华民族发展的方向和进程，深刻改变了中国人民和中华民族的前途和命运”的重大历史事件是指：,D,"社会主义改造的完成
改革开放
辛亥革命
中国共产党的成立
辛亥革命
中国共产党的成立
改革开放
社会主义改造的完成
",1
1219907114,俄国利用第二次鸦片战争之机，侵占中国领土150多万平方公里，是通过下列哪几个不平等条约实现的,ABCD,"《勘分西北界约记》
《北京条约》
《改订伊犁条约》和5个勘界议定书
《瑷珲条约》
《望厦条约》
",2
1219907350,国民党在全国统治建立以后，官僚资本的垄断活动首先和主要是,D,"从商业方面开始的
从重工业方面开始的
从农业方面开始的
从金融业方面开始的
",1
1219907352,国民党在全国统治建立以后，急剧地膨胀起来并控制了国家经济命脉的是,C,"外国资本
私营资本
官僚资本
民族资本
",1
1219907353,国民党的保甲制度正式推行是,B,"1928年
1934年
1930年
1927年
",1
1219907354,1930年8月成立的中国国民党临时行动委员会的主要领导人是,D,"左舜生
梁漱溟
黄炎培
邓演达
",1
1219907356,在大革命失败的危急时刻，中国共产党召开了确定土地革命和武装斗争方针的,C,"遵义会议
洛川会议
八七会议
古田会议
",1
1219907361,毛泽东明确提出“中国革命斗争的胜利要靠中国同志了解中国情况”论断的著作是,A,"《反对本本主义》
《星星之火，可以燎原》
《井冈山的斗争》
《中国的红色政权为什么能够存在？》
",1
1219907363,1931年11月在江西瑞金召开的重要会议是,D,"中共六届四中全会
红四军第九次党代表大会
中共六届六中全会
中华苏维埃第一次全国代表大会
",1
1219907366,中国共产党领导工农红军开始实施战略大转移的万里长征是在,D,"1934年1月
1935年1月
1935年10月
1934年10月
",1
1219907368,中国共产党在遵义会议上集中全力解决的主要问题是,D,"政治和组织问题
思想和作风问题
政治和军事问题
军事和组织问题
",1
1219907369,1936年10月，红二、四方面军同红一方面军三大主力胜利会师是在,B,"陕北吴起镇
甘肃会宁、静宁将台堡
四川懋功地区
西康甘孜地区
",1
1219907370,中国新民主主义革命的主要任务是反对,ABD,"帝国主义
官僚资本主义
民族资本主义
封建主义
",2
1219907371,在国民党统治下，中国民族资本主义经济受到了,ABCD,"外国资本的压迫
军阀官僚政府的压榨
封建生产关系的束缚
本国官僚资本的排挤
",2
1219907373,中国共产党发动南昌起义的历史意义主要体现在,ABC,"揭开了土地革命战争的序幕
打响了武装反抗国民党反动派的第一枪
开始了独立领导革命战争和创建人民军队
走上了农村包围城市的革命道路
",2
1219907375,在半殖民地半封建的中国，红色政权存在和发展的主观条件是,BC,"全国革命形势的继续向前发展
相当力量的正式红军的存在
共产党组织的坚强有力和正确的政策
政治经济发展极端不平衡
",2
1219907379,在1931年1月至1935年1月期间出现的王明“左”倾错误主要体现在,ABCD,"推行“残酷斗争，无情打击”的方针
实行消极防御的军事战略
继续坚持以城市为中心
提出坚决打击富农的主张
",2
1219907351,1928年10月，国民党中央常务委员会通过了废除议会制度的,B,"《军政纲领》
《训政纲领》
《中华民国约法》
《中华民国临时约法》
",1
1219907355,明确提出“先有农村红军，后有城市政权，这是中国革命的特征，这是中国经济基础的产物”这一思想是在,B,"1929年六届二中全会
1929年9月中共中央给红四军前委的指示信
1928年中共六大
1930年5月中共中央机关刊物《红旗》发表的署名信件
",1
1219907357,毛泽东在1927年中共八七会议上提出的著名论断是,B,"一切反动派都是纸老虎
须知政权是由枪杆子中取得的
没有调查就没有发言权
兵民是胜利之本
",1
1219907359,1927年10月，毛泽东率领秋收起义部队开辟的创建农村革命根据地是,B,"闽浙赣革命根据地
井冈山革命根据地
湘鄂西革命根据地
左右江革命根据地
",1
1219907360,在半殖民地半封建的中国，红色政权能够存在和发展的根本原因是,D,"国民革命的影响
相当力量的正式红军的存在
共产党组织的坚强有力正确的政策
政治经济发展极端不平衡
",1
1219907365,在1931年1月至1935年1月期间，在中国共产党内出现的主要错误是,C,"“左”倾盲动主义
右倾投降主义
“左”倾教条主义
右倾机会主义
",1
1219907367,1935年1月，中国共产党在红军长征途中召开的具有历史转折意义的会议是,B,"毛儿盖会议
遵义会议
古田会议
瓦窑堡会议
",1
1219907372,20世纪二三十年代，活跃在中国政治舞台上的中间党派的社会基础主要是,BD,"买办资产阶级
民族资产阶级
下层小资产阶级及其知识分子
上层小资产阶级及其知识分子
",2
1219907376,在开辟农村革命根据地的斗争中，毛泽东制定的土地革命中的阶级路线是,ABCD,"坚定地依靠贫农、雇农
保护中小工商业者
联合中农，限制富农
消灭地主阶级
",2
1219907377,毛泽东提出的“工农武装割据”思想的基本内容是,BCD,"统一战线
土地革命
武装斗争
农村根据地建设
",2
1219907378,在土地革命战争前中期，先后在中共中央领导机关取得统治地位的“左”倾错误包括,ABC,"“左”倾冒险主义
“左”倾盲动主义
“左”倾教条主义
“左”倾经验主义
",2
1219907358,中国共产党实行党对军队绝对领导、建设新型人民军队的重要开端是,A,"三湾改编
南昌起义
古田会议
八七会议
",1
1219907362,1929年，毛泽东主持制定了“没收一切公共土地及地主阶级的土地”的,C,"《井冈山土地法》
《关于清算、减租及土地问题的指示》
《兴国土地法》
《中国土地法大纲》
",1
1219907364,在土地革命战争时期，中华苏维埃共和国实行的政权组织制度是,D,"国民参议院制度
国民参政会制度
人民代表大会制度
工农兵代表大会制度
",1
1219907374,在半殖民地半封建的中国，红色政权存在和发展的客观条件是,BCD,"相当力量的正式红军的存在
国民革命的影响
政治经济发展极端不平衡
全国革命形势的继续向前发展
",2
1219907391,在中华民族处于生死危亡的关头，率先举起武装抗日旗帜的是,C,"民主党派
国民党
中国共产党
东北军
",1
1219907392,标志着中国人民抗日救亡运动新高潮到来的事件是,A,"一二九运动
一二·一运动
五二0运动
五四运动
",1
1219907394,标志着十年内战基本结束，国内和平基本实现的历史事件是,B,"重庆谈判
西安事变
九一八事变
七七事变
",1
1219907397,1940年5月，在宜枣会战中牺牲的第三十三集团军总司令是,B,"赵登禹
张自忠
佟麟阁
张治中
",1
1219907398,1937年8月，通过了《抗日救国十大纲领》的中共中央政治局扩大会议是,C,"八七会议
遵义会议
洛川会议
瓦窑堡会议
",1
1219907400,全民族抗战以来，中国军队取得的第一次重大胜利的战役是,B,"百团大战
平型关大捷
台儿庄大捷
昆仑关大捷
",1
1219907402,在抗日统一战线中，中国共产党必须坚持的原则是,C,"一切经过统一战线
退让政策
独立自主原则
一切斗争，否认联合
",1
1219907403,抗战时期，各抗日根据地实行的土地政策是,B,"没收地主的土地
减租减息
耕者有其田
地主不分田，富农分坏田
",1
1219907406,世界反法西斯战争的东方主战场是,A,"中国战场
太平洋战场
正面战场
亚洲战场
",1
1219907407,近代以来中华民族反抗外敌入侵取得完全胜利的民族解放战争是,D,"中法战争
抗美援朝战争
解放战争
抗日战争
",1
1219907408,日本侵华犯下了空前严重的罪行，主要有,BCD,"建立“大东亚共荣圈”
制造惨绝人寰的大屠杀
疯狂掠夺中国的资源和财富
强制推行奴化教育
",2
1219907409,抗日民族统一战线正式形式的标志是,AD,"国民党中央通讯社发表《中国共产党为公布国共合作宣言》
西安事变的和平解决
国民党五届三中全会
蒋介石发表实际承认共产党合法地位的谈话
",2
1219907410,1938年10月，抗日战争进入相持阶段后，日本侵华政策调整为,ABCD,"逐步将主力用于对共产党领导的敌后抗日根据地进行“扫荡”
“以华制华”、“以战养战”
在占领区建立傀儡政权，建立和发展汉奸组织
对国民党采取政治诱降为主、军事打击为辅的方针
",2
1219907415,中国为世界反法西斯战争作出了巨大贡献，这主要表现在,ABCDE,"中国坚持持久抗战，为盟国军队实施战略反攻创造了有利条件
中国的抗战持续时间最长，抗击和牵制着日本陆军主力
中国的抗战最早，揭开了世界反法西斯战争的序幕
中国是全世界参加反法西斯战争的五个最大的国家之一
中国是亚州大陆上反对日本侵略者的主要国家
",2
1219907416,中国人民抗日战争胜利的原因，主要是,ABCD,"以爱国主义为核心的民族精神是中国抗战胜利的决定因素
中国共产党的中流砥柱作用是中国抗战胜利的关键
全民族抗战是中国人民抗日战争胜利的法宝
中国抗战的胜利，同世界反法西斯力量的同情和支持也是分不开的
",2
1219907388,日本变中国为其独占殖民地阶段由（     ）开始,A,"九一八事变
八一三事变
七七事变
华北事变
",1
1219907389,标志着日本全面侵华战争开始的事件是,C,"九一八事变
华北事变
七七事变
八一三事变
",1
1219907396,在战略防御阶段，国民党正面战场取得唯一大捷的战役是,B,"淞沪战役
台儿庄战役
武汉会战
忻口会战
",1
1219907399,1938年，毛泽东系统阐明持久抗战总方针的著作是,B,"《反对日本进攻的方针、办法和前途》
《论持久战》
《新民主主义论》
 《中国革命和中国共产党》
",1
1219907401,在抗日战争时期，国共两党两条不同的抗战路线的根本区别是,C,"要不要给群众以民主
要不要解决民生问题
要不要发动人民起来抗战
要不要减租减息
",1
1219907404,1938年，毛泽东在（      ）会议上明确提出“马克思主义的中国化”命题,A,"六届六中全会
七届二中全会
洛川会议
遵义会议
",1
1219907411,在抗日战争的战略防御阶段，国民党正面战场组织的大战役主要有,ABCD,"淞沪会战
徐州会战
武汉会战
忻口会战
",2
1219907412,中国共产党巩固抗日民族统一战线的策略总方针是,ACD,"发展进步势力
打击敌对势力
争取中间势力
孤立顽固势力
",2
1219907405,1945年，将毛泽东思想规定为中国共产党一切工作的指针的会议是,C,"洛川会议
六届六中全会
中共七大
遵义会议
",1
1219907395,抗日民族统一战线正式形成的标志是,D,"西安事变的和平解决
国民政府发表自卫宣言
八路军和新四军的建立
国民党公布国共合作宣言
",1
1219907414,党的七大把党在长期奋斗中形成的优良作风概括为,BCD,"艰苦奋斗的作风
理论和实践相结合的作风
自我批评的作风
和人民群众紧密联系在一起的作风
",2
1219907413,延安整风运动的最主要任务是反对主观主义，主观主义的最主要表现形式是,AB,"教条主义
经验主义
宗派主义
形式主义
",2
1219907417,中国共产党在抗日战争中的中流砥柱作用，主要表现在,ABCD,"坚持全面抗战路线，制定正确的战略策略
坚持开辟敌后战场，成为坚持抗战的中坚力量
始终坚持抗战，维护团结抗战的大局，成为夺取抗战胜利的民族先锋
倡导和推动国共合作，建立、坚持和发展广发的抗日民族统一战线
",2
1219907393,1935年，中共中央提出与民族资产阶级重建统一战线新政策的会议是,C,"八七会议
遵义会议
瓦窑堡会议
洛川会议
",1
1219907390,抗日战争进入相持阶段后，日本对国民党政府采取了,A,"以政治诱降为主，军事打击为辅的策略
以军事打击为主，政治诱降为辅的策略
速战速决、武力征服的策略
军事打击和政治诱降并重的策略
",1
1219907428,被誉为中国人民的大宪章，起着临时宪法作用的是,B,"《新民主主义论》
《中国人民政治协商会议共同纲领》
《论人民民主专政》
《中国人民政治协商会议组织法》
",1
1219907431,1949年3月，中共七届二中全会提出全党工作重心的转变，这一转变是,A,"从农村工作转向城市工作
从武装斗争转向经济建设
从革命政党转向执政党
从阶级斗争转向发展生产力
",1
1219907434,解放战争时期，国统区人民所进行的第二条战线的斗争是,B,"以商人罢市为先导的人民民主运动
以学生运动为先导的人民民主运动
以工人运动为先导的人民民主运动
以农民运动为先导的人民民主运动
",1
1219907435, 决定将党在抗日战争时期实行的减租减息政策改变为现实“耕者有其田”的政策文件是,C,"《兴国土地法》
《井冈山土地法》
《关于清算、减租及土地问题的指示》
《中国土地法大纲》
",1
1219907436,毛泽东指出：“这是一个历史转折点，这是蒋介石二十年反革命统治由发展到消亡的转折点，这是一百多年来帝国主义在中国的统治由发展到消灭的转折点。”文中的“转折点”是指,B,"人民解放战争的战略防御
人民解放军的战略反攻
孟良崮战役的胜利
人民解放军的战略决战
",1
1219907438,1947年10月10日，中国共产党公布了《中国人民解放军宣言》，提出了以下口号,C,"和平、民主、团结
抗议美军、美军退出中国
打倒蒋介石、解放全中国
反饥饿、反内战
",1
1219907441,抗战胜利后，经过重庆谈判国共双方为确认和平建国的基本方针而达成的协议是,A,"《双十协定》
《共同纲领》
《抗战胜利后的时局和我们的方针》
《对目前时局的宣言》
",1
1219907442,1945年8月25日，中共中央在对时局的宣言中明确提出的口号是,C,"抗战、团结、进步
打倒蒋介石，解放全中国
和平、民主、团结
反饥饿、反内战
",1
1219907443,1947年10月，被国民党当局宣布为“非法团体”的是,A,"中国民主同盟
中国民主促进会
中国民主建国会
中国国民党革命委员会
",1
1219907444,标志着民盟站到了新民主主义革命立场上来的会议是,B,"民盟一大
民盟一届三中全会
民盟一届四中全会
民盟一届二中全会
",1
1219907446,中国革命胜利的基本经验有,BCD,"群众路线
坚持革命的武装斗争
加强共产党自身的建设
建立广泛的统一战线
",2
1219907450,1949年1月22日，李济深、沈钧儒等民主党派的领导人和著名的无党派人士55人联合发表《对时局的意见》，提出,ABCD,"一切拥护中共提出的成立联合政府的主张
中国各民主党派和无党派民主人士自愿地接受中国共产党的领导
愿在中共领导下，献其绵薄，共策进行
一切拥护中共提出的召开政治协商会议的主张
",2
1219907451,中国各民主党派形成时的社会基础主要是,BCD,"工人阶级
其他爱国分子
民族资产阶级及同其联系的知识分子
城市小资产阶级及同其联系的知识分子
",2
1219907452, 《中国土地法大纲》明确规定,ABD,"废除封建性及半封建性剥削的土地制度
实现“耕者有其田”的土地制度
将党在抗日战争时期实行的减租减息政策改变为实现“耕者有其田”的政策
乡村中一切地主的土地及公地，由乡村农会接收，分配给无地或者少地的农民
",2
1219907455,揭开人民解放战争战略进攻的序幕的有,ACD,"陈毅、粟裕指挥华东野战军挺进苏鲁豫皖地区
中原解放军成功突围
刘伯承、邓小平率晋冀鲁豫野战军主力千里跃进大别山
陈赓、谢富治指挥晋冀鲁豫野战军一部挺进豫西
",2
1219907426,统一战线中存在两个联盟，其中处于基本和主要地位的是,A,"工人阶级同农民阶级和其他劳动人民的联盟
工人阶级同民族资产阶级的联盟
工人阶级同一部分大资产阶级的联盟
工人阶级和可以合作的地主阶级的联盟
",1
1219907427,巩固和扩大统一战线的关键是,B,"开展武装斗争
坚持工人阶级及其政党的领导权
走社会主义道路
建立统一战线
",1
1219907430,1949年6月，毛泽东发表的系统论述中国共产党建国主张的著作是,A,"《论人民民主专政》
《论联合政府》
《新民主主义论》
《目前形势和我们的任务》
",1
1219907432,1948年9月，毛泽东曾指出，“我们政权的阶级性是这样：无产阶级领导的，以工农联盟为基础，但是不仅仅以工农，还有资产阶级民主分子参加的人民民主专政。”这段话论述的问题上是,D,"国家政权的组织形式
新中国的政体
人民民主专政的组织形式
新中国的国体
",1
1219907437,1947年6月底，刘伯承、邓小平率领的晋冀鲁豫野战军主力千里跃进大别山，揭开了,D,"战略相持的序幕
战略决战的序幕
战略防御的序幕
战略进攻的序幕
",1
1219907440,1946年6月，全面内战爆发，国民党军队首先进攻的地区是,C,"东北解放区
山东解放区
中原解放区
陕甘宁解放区
",1
1219907447,《中国人民政治协商会议共同纲领》规定了新中国的,ABCD,"外交政策
国体和政体
经济工作方针
民族政策
",2
1219907448, 1949年3月，中共召开的七届二中全会的主要贡献有,ACD,"规定了革命胜利后的各项基本政策
确定毛泽东思想作为党的指导思想
决定了党的工作重心由乡村转移到城市
提出了“两个务必”
",2
1219907453,第三条道路主张包括,ACD,"实行的方法是走和平的改良的道路
实质是新民主主义的方案
在经济上“应当实行改良的资本主义”
在政治上“必须实现英美式的民主政治”
",2
1219907429,1949年9月，中国人民政治协商会议的召开，标志着,B,"联合政府的建立
中国的新型政党制度——中国共产党领导的多党合作和政治协商制度的确立
新民主主义革命取得胜利
新中国的成立
",1
1219907433,宣告延续了22年的国民党反动统治覆灭的事件是,B,"人民解放军强渡长江
人民解放军占领南京
人民解放军三大战役的胜利
国共北平和谈的破裂
",1
1219907445,1949年1月，各民主党派和无党派民主人士发表的自愿地接受中国共产党的领导的文献是,C,"《目前形势和我们的任务》
《中国人民政治协商会议共同纲领》
《对时局的意见》
《对时局的声明》
",1
1219907449,在党的七届二中全会上，毛泽东提出了“两个务必”的思想，指的是,AD,"务必使同志们继续地保持艰苦奋斗的作风
务必坚持走社会主义道路
务必保持中国共产党在国家政权中的领导地位
务必使同志们继续地保持谦虚、谨慎、不骄、不躁的作风
",2
1219907454,全国解放战争时期，在国民党统治区爆发的爱国学生运动有,ABD,"一二.三○运动
五.二○运动
一二.九运动
一二.一运动
",2
1219907439,1946年，毛泽东在和美国记者安娜•路易斯•斯特朗的谈话中，提出的一个著名论断是,D,"集中优势兵力，各个歼灭敌人
不但必须打败蒋介石，而且能够打败蒋介石
战略上藐视敌人，战术上重要敌人
一切反动派都是纸老虎
",1
1219907460,新中国的政体是,A,"人民代表大会制度
基层群众自治制度
民族区域自治制度
多党合作制度
",1
1219907461,中华人民共和国是工人阶级领导的、以工农联盟为基础的,B,"民主国家
人民民主专政的国家
共和制国家
民族国家
",1
1219907462,新民主主义政治、经济、文化都是由工人阶级领导的，因而都具有,D,"民主主义因素
民族主义因素
资本主义因素
社会主义因素
",1
1219907464,新中国建立后国民经济得到全面恢复和初步发展是在,A,"1952年底
1956年
1979年
1953年底
",1
1219907466,正确认识改革开放前后两个历史时期更主要是一个,A,"政治问题
理论问题
现实问题
历史问题
",1
1219907467,中国特色社会主义是,D,"以邓小平为核心的第二代中央领导集体发展的
以毛泽东为核心的第一代中央领导集体开创的
以习近平为核心的党中央开创的
几代中国共产党人接续奋斗的结果
毛泽东开创的
邓小平发展的
习近平开创的
",1
1219907468,新中国成立以来最大的历史成就是,D,"建立了独立的比较完整的工业体系和国民经济体系
巩固了新中国
走中国工业化道路
探索、开创、坚持和发展了中国特色社会主义
",1
1219907470,中华人民共和国的成立，标志着,ABC,"新民主主义社会在全国范围的建立
中国的新民主主义革命取得了基本的胜利
半殖民地半封建社会的结束
社会主义初级阶段的开始
",2
1219907472,针对美国等国封锁、遏制新中国的情况，毛泽东提出的外交方针是,ABD,"“打扫干净屋子再请客”
“一边倒”
“求同存异”
“另起炉灶”
",2
1219907473,三大改造基本完成后，我国国内的主要矛盾是,AC,"人民对于经济文化迅速发展的需要同当前经济文化不能满足人民需要的状况之间的矛盾
社会主义与资本主义的矛盾
人民对于建立先进的工业国的要求同落后的农业国现实之间的矛盾
中国人民与国际敌对势力的矛盾
",2
1219907459,新中国的国体是,D,"工人阶级领导
工农联盟
无产阶级专政
人民民主专政
",1
1219907463,新民主主义社会是,B,"社会主义社会
属于社会主义体系的和逐步过渡到社会主义去的过渡性质的社会
民主主义社会
民族主义社会
",1
1219907465,1951年-1952年开展的“三反”运动的内容是,C,"反贪污、反偷工减料、反盗窃国家经济情报
反行贿、反偷税漏税、反盗骗国家财产
反贪污、反浪费、反官僚主义
反主观主义、反宗派主义、反官僚主义
",1
1219907469,中国新民主主义革命在全国胜利并解决了土地问题之后，中国社会经济存在的经济成分包括,ABCDE,"国家资本主义经济
个体经济
私人资本主义经济
合作社经济
国营经济
",2
1219907471,新中国成立初期，中国共产党面临的严重困难和紧迫问题有,BCD,"中苏关系出现危机
能不能战胜严重的经济困难，迅速恢复和发展国民经济
能不能保卫住人民胜利的成果，巩固新生的人民政权
能不能巩固民族独立，维护国家主权和安全
",2
1219907482,1956年初中共中央召开关于知识分子问题会议，周恩来代表中央作了报告。报告最重要的论断是,D,"社会主义时代更加需要充分地发展科学和利用科学知识
社会主义时代更加需要充分地提高生产技术
党和国家要有计划地帮助知识分子在政治上和业务上不断进步
知识分子中间的绝大部分已经是工人阶级的一部分
",1
1219907484,中共八大正确分析了社会主义改造完成后中国社会的主要矛盾和主要任务。关于中国社会的主要矛盾，中共八大认为,C,"是社会主义道路与资本主义道路的矛盾
是工人阶级和资产阶级的矛盾
是人民对于经济文化迅速发展的需要同当前经济文化不能满足人民需要的状况之间的矛盾
是社会主义中国与帝国主义国家之间的矛盾
",1
1219907492,“文化大革命”是一场由领导者错误发动，被反革命集团利用，给党、国家和各族人民带来严重灾难的内乱。其发动的导火线是,D,"毛泽东《炮灯司令部——我的一张大字报》的印发
中共八届十一中全会通过《关于无产阶级文化大革命的决定》
中共中央政治局扩大会议通过《中共中央通知》（即《五•一六》通知）
姚文元《评新编历史剧&lt;海瑞罢官&gt;》的发表
",1
1219907494,进入1967年，全国掀起“打倒一切、全面内战”的狂潮。这种局面肇始于,A,"上海“一月革命”
“文攻武卫”口号的提出
“8•18大会”的召开
北京“二月抗争”
",1
1219907497,从建国到1978年的30年间，我们取得许多成绩，也有许多经验教训。其中最重要的经验教训是,D,"不能迷信计划体制，要建立社会主义市场经济体制
要把党和国家的工作中心放在经济建设上
不能高度集权，要发扬社会主义民主
要搞清什么是社会主义，怎样建设社会主义
",1
1219907520,毛泽东最早改变八大决议中关于国内主要矛盾变化的正确分析，认为“无产阶级与资产阶级、社会主义道路与资本主义道路是主要矛盾”的会议是,C,"1958年召开的八大二次会议
1962年召开的八届十中全会
1957年召开的八届三中全会
1959年的庐山会议
",1
1219907531,探索中国社会主义建设道路的开创者是,C,"邓小平
胡锦涛
毛泽东
江泽民
",1
1219907480,中国开始进入全面建设社会主义历史阶段的起点是,D,"社会主义改造的开始
中华人民共和国的建立
改革开放的起步
社会主义基本制度的全面确立
",1
1219907485,中共八大关于经济建设确立的方针是,A,"既反保守又反冒进即在综合平衡中稳步前进
调整、巩固、充实、提高
鼓足干劲，力争上游，多快好省地建设社会主义
发展生产，保障供给
",1
1219907491,实现“四个现代化”，是党和国家在上世纪提出的宏伟目标。正式向全国人民提出这一目标的会议是,B,"二届人大一次会议
三届人大一次会议
四届人大一次会议
一届人大一次会议
",1
1219907521,1961年，毛泽东主持起草了《农村人民公社工作条例（草案）》（即“农业六十条”），确定以（  ）为基本核算单位，要求认真贯彻按劳分配的原则，废除供给制，停办公共食堂,A,"生产队
生产大队
县
人民公社
",1
1219907487,整风是中国共产党加强自身建设的一种创造。1957年4月中共中央下发《关于整风运动的指示》，指出本次整风的重点是,D,"反对官僚主义、宗派主义和经验主义
反对主观主义、机会主义和教条主义
反对官僚主义、主观主义和修正主义
反对官僚主义、宗派主义和主观主义
",1
1219907495,使“文化大革命”的错误理论和实践合法化并加强了林彪、江青、康生等人在中央地位的会议是,A,"中共九大
中共八届十二中全会
中共九届二中全会
中共八届十一中全会
",1
1219907498,在全面建设社会主义时期，我们取得的最大建设成就是,A,"基本建立起独立的、比较完整的工业体系和国民经济体系
社会主义制度得到根本性巩固
人民的文化素质和健康水平得到极大提升
基本上解决了老百姓的吃饭问题
",1
1219907499,邓小平在改革开放新时期曾指出：“我们能在今天的国际环境中着手进行四个现代化建设，不能不铭记毛泽东同志的功绩。”这主要是指毛泽东,A,"打开中美关系正常化的大门
决策出兵抗美援朝
积极争取恢复新中国在联合国的合法地位
粉碎帝国主义的“和平演变”战略
",1
1219907528,20世纪70年代，中美两国关系开始走向正常化的标志是,D,"两国建立外交关系
美国国家安全事务助理基辛格秘密访华
美国乒乓球队首次访问中国
《中美联合公报》在上海签订
",1
1219907488,通过“鼓足干劲、力争上游、多快好省地建设社会主义”的社会主义建设总路线的会议是,B,"1958年3月成都中央工作会议
1958年5月中共八大二次会议
1958年1月南宁中央工作会议
1958年8月中共中央政治局扩大的北戴河会议
",1
1219907490,1961年初，中共八届九中全会针对国民经济的严峻形势，制定新的方针，这一方针是,A,"调整、巩固、充实、提高
调整、改革、充实、提高
治理整顿
既反保守又反冒进，在综合平衡中稳步前进
",1
1219907526,中国成功地爆炸了第一颗原子弹是在（   ）年,D,"1949
1976
1956
1964
",1
1219907534,1957年6月，《人民日报》发表的毛泽东的（    ），创造性地阐述了社会主义社会矛盾学说，是对科学社会主义理论的重要发展，对中国社会主义事业具有长远的指导意义,C,"《一九五七年夏季的形势》
《论十大关系》
《关于正确处理人民内部矛盾的问题》
《关于整风运动的指示》
",1
1219907481,探索中国的社会主义建设道路，有一个如何把马列主义基本原理同中国具体实际相结合的问题。毛泽东首次提出要进行“第二次结合”是在,C,"《论十大关系》讲话
 《关于正确处理人民内部矛盾的问题》讲话
1956年4月中共中央书记处会议
1956年9月中共八大
",1
1219907489,“大跃进”和人民公社化运动期间，人民公社的基本特点被概括为,B,"“三级所有，队为基础”
“一大二公”
“多快好省”
“一平二调”
",1
1219907493,系统阐述发动“文化大革命”的主要论点的文献是,B,"毛泽东《炮打司令部——我的一张大字报》
《中共中央通知》（《五•一六通知》）
毛泽东《给江青的信》
中共中央《关于无产阶级文化大革命的决定》
",1
1219907529,在探索刚刚起步时，毛泽东论述了中国社会主义建设的基本思想是,B,"社会主义发展阶段
实行马克思主义与中国实际“第二次结合”
百花齐放、百家争鸣
现代化建设的目标、步骤
",1
1219907516,提出处理好中国共产党与民主党派的关系，必须坚持“长期共存、互相监督”，这一方针是在 （  ） 中提出的,C,"《关于正确处理人民内部矛盾的问题》
中共八大会议上
《论十大关系》
《论人民民主专政》
",1
1219907524,1975年，（  ）着手对各方面的工作进行整顿，实际是后来拨乱反正的预演,D,"周恩来
华国锋
毛泽东
邓小平
",1
1219907530,毛泽东提出中国实现社会主义现代化应当采取（  ）的发展战略,C,"一步走
新三步走
“两步走”
“三步走”
",1
1219907533,1976年清明节前后，爆发的（  ）为代表的悼念周总理、反对“四人帮”的运动。 实质上是拥护以邓小平为代表的中国共产党的正确领导，并为后来粉碎“四人帮”奠定了群众基础,C,"九一三事件
反击右倾翻案风
四五事件
批林批孔
",1
1219907542,毛泽东指出，新民主主义国家内部的主要矛盾是,B,"人民大众与封建主义的矛盾
无产阶级与资产阶级的矛盾
人民对于经济文化迅速发展的需要同当前经济文化不能满足人民需要的状况之间的矛盾
中华民族与帝国主义的矛盾
",1
1219907544,新中国建立初期，社会主义国营经济的主要来源是,B,"征收、代管的外国资本
没收的官僚资本
解放区的公营经济
国家资本主义经济
",1
1219907550,我国对关于农业社会主义改造的原则是,C,"说服教育、典型示范、国家援助
积极领导，稳步发展
自愿互利、典型示范、国家帮助
先合作化，后机械化
",1
1219907553,中国历史上最伟大、最深刻的社会变革是指,A,"社会主义改造的基本完成
土地改革的完成
中华人民共和国的建立
新民主主义革命的胜利
",1
1219907557,我国对农业社会主义改造采取的第一步骤是,C,"人民公社
初级合作社
互助组
高级合作社
",1
1219907563,新民主主义社会的三种主要经济成分是,ABD,"社会主义经济
私人资本主义经济
合作社经济
个体经济
",2
1219907564,新民主主义的三种基本阶级力量是,ABC,"工人阶级
资产阶级
农民和其他小资产阶级
地主阶级
",2
1219907566,社会主义改造时期对资产阶级的“和平赎买”政策主要包括,ABCD,"委托加工、计划订货的加工费和货价
给资本家以必要的工作安排和恰当的政治安排
“四马分肥”中的资方红利
公私全营后资本家拿取的定息
",2
1219907569,我国在对个体进行农业社会主义改造中存在的主要问题是,ABCD,"改变过快
工作过粗
要求过急
形式过于简单划一
",2
1219907570,中国特色的社会主义改造的主要经验有,ACD,"对所有制和改造和对人的改造相结合
坚持中国共产党的领导
由低级到高级逐步过渡的形式
采取和平的方式
",2
1219907541,毛泽东首次使用“新民主主义社会”的科学概念是在,C,"《论人民民主专政》
《论联合政府》
《中国革命和中国共产党》
《新民主主义论》
",1
1219907545,中国由新民主主义向社会主义转变的政治条件是,B,"马克思主义、毛泽东思想的指导地位
中国共产党的领导和人民民主专政国家制度的建立
社会主义国营经济成为多种经济成份中的领导力量
新民主主义经济制度的建立和国民经济的恢复
",1
1219907547,新中国发展国民经济的第一个五年计划期间是指,D,"1950-1955年
1952-1956年
1949-1954年
1953-1957年
",1
1219907556,新中国初期建立社会主义国营经济的途径是,C,"剥夺地主阶级财产
没收民族资产阶的财产
没收官僚资本
废除帝国主义在华特权
",1
1219907561,中国由新民主主义向社会主义转变的条件主要包括,ACD,"中国共产党的领导和人民民主专政的国家制度的建立
国家财政经济状况的根本好转
马克思主义、毛泽东思想的指导地位
新民主主义经济制度的建立和国民经济的恢复
",2
1219907568,我国农业合作化运动的基本原则和方针包括,ABCDE,"先合作化，后机械化的道路
坚持自愿和互利的原则
积极发展、稳步前进、逐步过渡的方针
始终把是否增产作为衡量合作社是否办好的标准
社会改造同技术改造相结合
",2
1219907549,我国对农业社会主义改造的方针是,D,"先合作化，后机械化
自愿互利、典型示范、国家帮助
积极领导，稳步前进
积极领导，稳步发展
",1
1219907554,在社会主义改造基本完成后，中国人民面临的主要任务是,D,"探索社会主义建设道路
正确处理人民内部矛盾
全面确立社会主义制度
进一步推进工业化、现代化建设
",1
1219907565,对资本主义工商业进行和平改造的主要依据有,ABCD,"国家对资本主义工商业逐步实施了利用、限制、改造的政策
中国的民族资产阶级存在着两面性
中国工人阶级与资产阶级长期保持着统一战线的关系
建立了人民民主专政的国家政权和社会主义国营经济
",2
1219907552,资本主义工商业社会主义改造中的高级形式的国家资本主义是,C,"计划订货
统购包销
公私合营
委托加工
",1
1219907543,新民主主义经济中有决定意义的因素是,A,"国营经济
国家资本主义经济
合作社会经济
个体经济
",1
1219907555,中国进入社会主义社会的最主要的标志是,C,"《中华人民共和国宪法》的颁布
中国共产党领导地位的确立
社会主义基本经济制度的建立
社会主义基本政治制度的建立
",1
1219907562,1949年至1952年间，在着重完成民主革命的遗留任务的同时，社会主义革命的任务也开始实行，主要表现在,ACD,"开始将资本主义纳入国家资本主义轨道
加强中国共产党的自身建设
引导个体农民在土地改革后逐步走上互助合作的道路
没收官僚资本确立社会主义性质的国营经济的领导地位
",2
1219907567,对资本主义工商业进行社会主义改造中采取的初级形式的国家资本主义有  ,ABC,"计划订货
统购包销
委托加工
公私全营
",2
1219907546,党在过渡时期的总路线的主体是,C,"对资本主义工商业的社会主义改造
对农业的社会主义改造
实现国家的社会主义工业化
对手工业的社会主义改造
",1
1219907548,从1953年开始的第一个五年计划的中心环节是,C,"进行社会主义改造
优先发展农业
优先发展重工业
恢复国民经济
",1
1219907551,我国对手工业社会主义改造的方针是,D,"积极领导，稳步发展
说服教育、典型示范、国家援助
自愿互利、典型示范、国家帮助
积极领导，稳步前进
",1
1219907558,社会主义制度在中国确立的主要标志是,B,"国民经济恢复与调整
社会主义改造胜利完成
中华人民共和国的立
《中华人民共和国宪法》的颁布
",1
1219907559,新中国成立之初的“过渡时期”是指,B,"从新中国成立到民主革命遗留任务完成
从新中国成立到三大改造完成
从新中国成立到国家财政管理体制初步建立
从新中国成立到国民经济恢复
",1
1219907560,在对资本主义工商业实行改造中，当个别企业公私合营后，企业的利润实行,B,"用于工人的工资
四马分肥
归国家所有
归企业所有
",1
1219907576,从严治党，必须把党的（      ）放在首位,A,"政治建设
团结统一
法规建设
思想武装
",1
1219907577,保障和改善民生优先发展,C,"社会保障
实体经济
教育事业
全民福利
",1
1219907578,（      ）是当代中国精神的集中体现,C,"社会主义文艺
民主法治
社会主义核心价值观
“四德”
",1
1219907579,十九大修定的新党章里面，在指导思想中增加了,A,"习近平新时代中国特色社会主义思想
邓小平理论
科学发展观
“三个代表”重要思想
",1
1219907583,党的十九大报告指出，（      ）是实现社会主义现代化、创造人民美好生活的必由之路,D,"实现社会主义民主
科学社会主义道路
从站起来、富起来到强起来
中国特色社会主义道路
",1
1219907584,（      ）是中国特色社会主义最本质的特征和中国特色社会主义制度的最大优势,A,"中国共产党的领导
中国共产党领导的多党合作和政治协商制度
建设中国特色社会主义法治体系
人民代表大会制度
",1
1219907585,发展是解决我国一切问题的基础和关键，发展必须是科学发展，必须坚定不移贯彻（      ）的发展理念,A,"创新、协调、绿色、开放、共享
创造、统筹、生态、开放、共享
创造、协调、生态、开放、共享
创新、统筹、绿色、开放、共享
",1
1219907586,习近平总书记指出，全面深化改革总目标是,A,"完善和发展中国特色社会主义制度、推进国家治理体系和治理能力现代化
全面建立社会主义市场经济体制
实现中国梦
实现社会主义现代化 
",1
1219907588,建设现代化经济体系，必须把发展经济的着力点放在（      ），增强我国经济质量优势,B,"共享经济
实体经济
国民经济
虚拟经济
",1
1219907592,习近平总书记指出:“（       ）是社会主义文艺的灵魂。”,C,"时代精神
爱国主义
中国精神
为人民服务
",1
1219907597,新时代中国共产党的历史使命可概括为,ABCD,"伟大斗争
伟大梦想
伟大事业
伟大工程
",2
1219907599,中国将高举（      ）的旗帜，恪守维护世界和平、促进共同发展的外交政策宗旨,ABCD,"共赢
和平
发展
合作
",2
1219907600,党的十九大报告指出，要推动“四化”同步发展，“四化”是指,AD,"新型工业化和信息化
科技现代化和信息化
军队机械化和科技现代化
城镇化和农业现代化
",2
1219907601,我们党的三大历史任务是,ACD,"维护世界和平与促进共同发展
实现民族复兴
完成祖国统一
推进现代化建设
",2
1219907605,关于十九大报告的“十四个坚持”的说法中，正确的有,ABCD,"这“十四个坚持”包括: 坚持党对一切工作的领导、坚持以人民为中心、坚持全面深化改革、坚持新发展理念、坚持人民当家作主、坚持全面依法治国、坚持社会主义核心价值体系、坚持在发展中保障和改善民生、坚持人与自然和谐共生、坚持总体国家安全观、坚持党对人民军队的绝对领导、坚持“一国两制”和推进祖国统一、 坚持推动构建人类命运共同体、坚持全面从严治党
这“十四个坚持”，涵盖坚持党的领导和“五位一体”总体布局、“四个全面”战略布局，涵盖国防和军队建设、维护国家安全、对外战略，是对党的治国理政重大方针、原则的最新概括，体现了理论与实践相统一、战略与战术相结合，是实现“两个一百年奋斗目标、实现中华民族伟大复兴中国梦的“路线图”和“方法论”
这“十四个坚持”每一条都有很强的现实针对性和指导性，我们要结合工作实际，毫不动摇地坚持，不折不扣地落实
这“十四个坚持”，既是习近平新时代中国特色社会主义思想的重要组成部分，也是落实习近平新时代中国特色社会主义思想的实践要求
",2
1219907581,习近平新时代中国特色社会主义思想的核心要义是,C,"实现中华民族的伟大复兴
促进人类和平发展
坚持和发展中国特色社会主义
实现党的指导思想与时俱进
",1
1219907587,党的十八以来的5年，我们党坚持（      ）工作总基调，迎难而上，开拓进取，推动改革开放和社会主义现代化建设发生历史性变革,D,"稳中求好
又快又好
又好又快
稳中求进
",1
1219907589,习近平总书记指出，实施（      ）是新时代做好“三农”工作的总抓手,A,"乡村振兴战略
创新驱动发展战略
区域协调发展战略
科教兴农战略
",1
1219907591,党的十九大报告指出，中国特色社会主义文化，源自于中华民族五千多年文明历史所孕育的中华优秀传统文化，熔铸于党领导人民在革命、建设、改革中创造的（      ），植根于中国特色社会主义伟大实践,C,"红色文化
社会主义先进文化
革命文化和社会主义先进文化
民族的科学的大众的文化
",1
1219907594,习近平总书记高度重视社会治理问题，明确提出要加强社会治理制度建设，打造（      ）的社会治理格局，为在新的历史条件下加强和创新社会治理指明了方向,C,"共治共有共享
共建共治共有
共建共治共享
共建共有共荣
",1
1219907596,中国特色社会主义进入新时代，意味着,BCD,"实现贫困人口脱贫
近代以来久经磨难的中华民族迎来了从站起来、富起来到强起来的伟大飞跃，迎来了实现中华民族伟大复兴的光明前景
中国特色社会主义道路、理论、制度、文化不断发展，拓展了发展中国家走向现代化的途径，给世界上那些既希望加快发展又希望保持自身独立性的国家和民族提供了全新选择，为解决人类问题贡献了中国智慧和中国方案
科学社会主义在二十一世纪的中国焕发出强大生机活力，在世界上高高举起了中国特色社会主义伟大旗帜
",2
1219907603,推进社会主义民主政治（      ），保证人民依法通过各种途径和形式管理国家事务，管理经济文化事业，管理社会事务，巩固和发展生动活泼、安定团结的政治局面,ABCD,"法治化
制度化
程序化
规范化
",2
1219907580,改革开放以来，党的全部理论与实践的主题是,B,"为人民谋和平
中国特色社会主义
国家富强
实现民族伟大复兴
",1
1219907590,习近平总书记强调，全面深化改革必须更加注重改革的,C,"整体性、协同性、实效性
全面性、前瞻性、针对性
系统性、整体性、协同性
探索性、引领性、创新性
",1
1219907593,党的十八大以来，党中央加强对网信工作集中统一领导，对网信工作作出的一系列战略部署，不断推进理论创新和实践创新，不仅走出一条中国特色治网之道，而且提出一系列新思想新观点新论断，形成了（      ）,B,"网络安全战略思想
网络强国战略思想
网络工作重要论述
网络建设重要思想
",1
1219907582,（      ）的基本方略，是实现“两个一百年”奋斗目标、实现中华民族伟大复兴中国梦的“路线图”和“任务书”,D,"“8个坚持”
“14个明确”
“8个明确”
“14个坚持”
",1
1219907595,我们要坚持节约优先、（      ）的方针，坚持生产发展、生活富裕、生态良好的文明发展道路,A,"保护优先、自然恢复为主
发展优先、适度开发为主
保护优先、人工恢复为主
发展优先、合理保护为主
",1
1219907604,习近平新时代中国特色社会主义思想以全新的视野深化了对（      ）的认识，开辟了马克思主义中国化的新境界,ABD,"共产党执政规律
人类社会发展规律
科学技术进步规律
社会主义建设规律
",2
1219907598,我国社会主要矛盾已转化为（      ）和（      ）的矛盾,BD,"物质文化需要
不平衡不充分发展
落后生产力
美好生活需要
",2
1219907602,实施乡村振兴战略，必须加强农村基层基础工作，健全（      ）相结合的乡村治理体系,ABD,"德治
自治
民主
法治
",2
1219907612,中国进入改革开放和社会主义现代化建设历史新时期的起点是,CH,"中共十一届六中全会
真理标准的讨论
中共十一届三中全会
中共十二大
真理标准的讨论
中共十一届六中全会
中共十二大
中共十一届三中全会
",1
1219907613,1978年12月，邓小平在中共中央工作会议上发表的重要报告是,CG,"《关于建国以来党的若干历史问题的决议》
《实践是检验真理的唯一标准》
 《解放思想，实事求是，团结一致向前看》
《必须旗帜鲜明地坚持四项基本原则》
《关于建国以来党的若干历史问题的决议》
《必须旗帜鲜明地坚持四项基本原则》
《解放思想，实事求是，团结一致向前看》
《实践是检验真理的唯一标准》
",1
1219907614,标志党和国家在指导思想上拨乱反正胜利完成的会议是,DE,"中共十二大
中共十一届三中全会
中共十一大
中共十一届六中全会
中共十一届六中全会
中共十一届三中全会
中共十二大
中共十一大
",1
1219907615,中共十一届三中全会后，中国农村在经济体制改革中推行的制度是,CH,"生产队为基础的集体经营制度
个体经营制度
家庭联产承包责任制度
互助合作制度
互助合作制度
生产队为基础的集体经营制度
个体经营制度
家庭联产承包责任制度
",1
1219907619,邓小平指出实现四个现代化的根本前提是,CH,"坚持改革开放
坚持以经济建设为中心
坚持四项基本原则
坚持共同富裕
坚持共同富裕
坚持以经济建设为中心
坚持改革开放
坚持四项基本原则
",1
1219907621,江泽民在庆祝中国共产党成立80周年大会上系统阐述了,DE,"邓小平理论的科学体系
加强执政党建设的思想
中国特色社会主义理论体系
“三个代表”重要思想
“三个代表”重要思想
邓小平理论的科学体系
加强执政党建设的思想
中国特色社会主义理论体系
",1
1219907624,1998年中共中央决定在县级以上党政领导班子、领导干部中开展党性党风教育活动，其主要内容不包括,DH,"讲政治
讲学习
讲正气
讲纪律
讲正气
讲学习
讲政治
讲纪律
",1
1219907625,十七大以后，海峡两岸“三通”全面实现，其中不包括,AH,"通信
通邮
通航
通商
通航
通邮
通商
通科
",1
1219907627,完整地概括中国共产党在社会主义初级阶段“一个中心、两个基本点”的基本路线会议是,A,"中共十三大
中共十四大
中共十五大
中共十二大
",1
1219907628,正式提出坚持以人为本、全面协调可持续的科学发展观是,C,"中共十六大
中共十六届五中全会
中共十六届三中全会
中共十六届四中全会
",1
1219907632,下列选项中与中共十一届三中全会有关的内容有,ABCDEFGHI,"断然否定“以阶级斗争为纲”的指导思想
把工作重点转移到社会主义现代化建设上来
高度评价了关于真理标准问题的讨论
重新确立了马克思主义的思想路线、政治路线和组织路线
实行改革开放
断然否定“以阶级斗争为纲”的指导思想
重新确立了马克思主义的思想路线、政治路线和组织路线
工作重点转移到社会主义现代化建设上来
高度评价了关于真理标准问题的讨论
",2
1219907633,1978年开始，安徽、四川的基层干部和农民群众开始探索试行的农业生产责任制的形式有,ABCFGH,"包产到组
包干到户
包产到户
包干到人
包干到人
包产到户
包干到户
包产到组
",2
1219907634, 1979 年 3 月，邓小平在中央理论工作务虚会上首次明确提出必须坚持,ABCD,"社会主义道路
人民民主专政
共产党的领导
马克思列宁主义、毛泽东思想
",2
1219907638,邓小平南方谈话中提出的判断改革成败的标准包括,ABCEFG,"是否有利于发展社会主义社会的生产力
是否有利于增强社会主义国家的综合国力
是否有利于提高人民的生活水平
是否有利于国家的长治久安
是否有利于发展社会主义社会的生产力
是否有利于提高人民的生活水平
是否有利于增强社会主义国家的综合国力
是否有利于国家的长治久安
",2
1219907640,中共十三大正式制定了社会主义现代化建设的战略部署是,ACD,"第一步，实现国民生产总值比1980年翻一番，解决人民的温饱问题
第四步，到21世纪末，人均国民生产总值达到发达国家水平，建成社会主义和谐社会
第二步，到20世纪末，使国民生产总值再增长一倍，人民生活达到小康水平
第三步，到21世纪中叶，人均国民生产总值达到中等发达国家水平，人民生活比较富裕，基本实现现代化
",2
1219907617,第一次明确提出“社会主义市场经济体制”论断的党的领导人是,BH,"邓小平
江泽民
胡锦涛
陈云
邓小平
陈云
胡锦涛
江泽民
",1
1219907623,全国范围内农业税的最终取消在,C,"2007年
2004年
2006年
2005年
",1
1219907631,1978年12月中共十一届三中全会以来改革开放新时期的最突出标志是,C,"改革开放
统筹兼顾
与时俱进
快速发展
",1
1219907635,邓小平提出的中国农业的改革与发展的“两个飞跃”是指,ABGH,"发展集体经济，向集体化、集约化经济发展
废除人民公社，实行家庭联产承包为主的责任制
转移农村劳动力，走小城镇化之路
改造传统农业，走科技兴农之路
改造传统农业，走科技兴农之路
转移农村劳动力，走小城镇化之路
废除人民公社，实行家庭联产承包为主的责任制
发展集体经济，向集体化、集约化经济发展
",2
1219907636,1980年1月，邓小平在《目前的形势和任务》提出的中国人民长期奋斗的三件大事是,BCDFGH,"推进体制改革
实现祖国统一
加紧现代化建设
维护世界和平
推进体制改革
维护世界和平
实现祖国统一
加紧现代化建设
",2
1219907641,2005年10月召开的中共十六届五中全会，提出了建设社会主义新农村的要求是,ABC,"生产发展、生活宽裕
管理民主
乡风文明、村容整洁
管理科学
",2
1219907618,我国第一批对外开放的经济特区是,AG,"深圳、珠海、汕头、厦门
深圳、广州、厦门、汕头
深圳、广州、福州、厦门
深圳、珠海、广州、厦门
深圳、广州、厦门、汕头
深圳、广州、福州、厦门
深圳、珠海、汕头、厦门
深圳、珠海、广州、厦门
",1
1219907620,被认为是加强党的建设特别是领导班子、领导干部思想政治建设的一次创造性探索和成功实践的活动是,AG,"“三讲”教育
先进性教育
执政能力建设
党内民主建设
先进性教育
党内民主建设
“三讲”教育
执政能力建设
",1
1219907626,2001年12月11日，经过长达15年的艰苦谈判，中国正式加入,D,"世界银行
国际货币基金组织
联合国人权组织
世界贸易组织
",1
1219907639,中共十七大提出以改革创新精神加强党的建设的主线是,ADFH,"党的先进性建设
思想建设
党内民主建设
党的执政能力建设
党内民主建设
党的执政能力建设
思想建设
党的先进性建设
",2
1219907622,中国对澳门恢复行使主权，中华人民共和国澳门特别行政区正式成立是在,AG,"1999年12月20日
2000年12月20日
1999年1月1日
2000年1月1日
2000年1月1日
1999年1月1日
1999年12月20日
2000年12月20日
",1
1219907630,科学发展观的核心是,C,"和谐发展
统筹兼顾
以人为本
可持续发展
",1
1219907637,1983年10月，中共中央就农村体制改革问题作出的重大决定是,ACDEFH,"废除人民公社
开始实行包产到户
建立乡（镇）政府作为基层政权
城里村民委员会作为村民自治组织
成立村民委员会作为村民自治组织
建立乡（镇）政府作为基层政权
开始实行包产到户
废除人民公社
",2
1219907616,经济体制改革以城市为重点全面展开的标志是,BH,"深圳等经济特区的设立
《关于经济体制改革的决定》的作出和实施
建立社会主义市场经济体制改革目标的设定
国有企业实行各种形式的承包经营责任制
国有企业实行各种形式的承包经营责任制
建立社会主义市场经济体制改革目标的设定
深圳等经济特区的设立
《关于经济体制改革的决定》的作出和实施
",1
1219907629,中共十六届六中全会通过《中共中央关于构建社会主义和谐社会若干重大问题的决定》指出，中国特色社会主义的本质属性是,D,"民主法治
科学发展
公平正义
社会和谐
",1
1219907486,1957年2月，毛泽东在扩大的最高国务会议上发表《关于正确处理人民内部矛盾的问题》的讲话，指出国家政治生活的主题应该是,C,"阶级斗争是纲，其它都是目
迅速反击右派分子的猖狂进攻
正确处理人民内部矛盾
全面确立党对国家的一元化领导
",1
1219907518,“三个主体、三个补充”的思想是（     ）提出来的,D,"邓小平
毛泽东
周恩来
陈云
",1
1219907522,决定对国民经济实行“调整、巩固、充实、提高”的八字方针的会议是,C,"庐山会议
七千人大会
八届九中全会
八届六中全会
",1
1219907523,1962年1、2月间召开的（  ），恢复和发扬了党内的民主精神和自我批评精神，统一了全党的认识，对全面贯彻调整国民经济的八字方针起了极其重要的作用,C,"北戴河会议
中共八大二次会议
“七千人大会”
第一次郑州会议
",1
1219907525,从“一五”时期开始到1976年的20多年间，中国最大的建设成就是,D,"国家经济实力显著增强，主要工业品的生产能力有了飞跃发展
取得了“两弹一星”等一批具有标志性意义的科技成果
中国外交格局发生重大变化，国际地位显著提高，国际环境大为改善
基本建立了独立的、比较完整的工业体系和国民经济体系
",1
1219907483,以毛泽东为主要代表的中国共产党人开始探索中国自己的社会主义建设道路的标志性成果是  ,C,"毛泽东《关于正确处理人民内部矛盾的问题》的发表
中共八大的召开
毛泽东《论十大关系》讲话
社会主义改造的完成
",1
1219907515,1956年10月制定了（  ），它的实施，填补了我国科学技术领域的诸多空白，奠定了中国自然科学和工程技术方面的重要基础,B,"《关于自然科学研究机构当前工作的十四条意见（草案）》
 《1956—1967年科学技术发展远景规划纲要》
《农村人民公社工作条例（草案）》
《1956年到1967年全国农业发展纲要（草案）》
",1
1219907517,1956年4月，毛泽东提出的（  ）方针，成为党和国家促进社会主义文化繁荣和科学进步的指导方针，后来也成为处理人民内部矛盾的正确方针,D,"向现代科学进军
向外国学习
长期共存、互相监督
百花齐放，百家争鸣
",1
1219907532,《论十大关系》围绕的基本方针是,A,"调动一切积极因素，把我国建设成为一个强大的社会主义国家
独立自主
自力更生为主，争取外援为辅
走中国特色社会主义道路
",1
1219907519,毛泽东在《关于正确处理人民内部矛盾的问题》中提出解决社会主义社会基本矛盾的途径是,D,"进行社会主义改造
进行无产阶级专政下的继续革命
进行新民主主义革命
依靠社会主义制度本身的自我调整和自我完善
",1
1214974252,客观上宣告了“文化大革命”理论和实践失败的事件是,A,"“九•一三”事件
天安门事件
毛泽东逝世
“四人帮”被逮捕
",1
1214974283,新中国恢复在联合国合法席位的时间是,A,"1971年
1949年
1966年
1978年
",1
1005614967,1.资本—帝国主义列强对中国的军事侵略是逐步升级的，主要有,ABC,"割占中国大片领土
骚扰、蚕食中国沿海、边疆
瓜分中国
占领全中国
通商
",2
1005621304,2020年，我国将实现全面建成小康社会的目标。这一目标的出发点和落脚点是,C,"提高国家整体经济实力
显示社会主义制度的优越性
提高人民的生活水平和质量
解放和发展生产力
",1
1005621306,十八大以来，党中央从坚持中国特色社会主义全局出发，提出并形成了“四个全面”的战略布局。在这一战略布局中，作为战略目标的是,C,"全面从严治党
全面深化改革
全面建成小康社会
全面依法治国
",1
1005621307,党的十八大发出了向“两个一百年”奋斗目标进军的时代号召。“两个一百年”目标是,A,"在中国共产党成立一百年时全国建成小康社会。在新中国成立一百年时建成富强民主文明和谐的社会主义现代化国家
在中国共产党成立一百年时全国建成小康社会。在新中国成立一百年时建成社会主义法治国家
在中国共产党成立一百年时全国建成小康社会。在新中国成立一百年时实现中华民族伟大复兴的中国梦
在中国共产党成立一百年时实现中华民族伟大复兴的中国梦。在新中国成立一百年时实现社会主义向共产主义的过渡
",1
1005621309,“实现中国梦必须走中国道路。”这里的“中国道路”就是指,D,"和平发展道路
韬光养晦道路
共产主义道路
中国特色社会主义道路
",1
1005621312,1979 年 3 月，邓小平在中央理论工作务虚会上首次明确提出必须坚持,ABCD,"马克思列宁主义、毛泽东思想
共产党的领导
人民民主专政
社会主义道路
",2
1005621318,中国特色社会主义理论体系包括,BCD,"毛泽东思想
“三个代表”重要思想
邓小平理论
科学发展观等重大战略思想
",2
1005621319,改革开放以来中国取得一切成绩和进步的根本原因是,ACD,"坚持中国共产党的领导
坚持马克思主义的指导地位
形成了中国特色社会主义理论体系
开辟了中国特色社会主义道路
",2
1005621301,全国范围内农业税的最终取消是在,A,"2006年
2007年
2004年
2005年
",1
1005621308,中国梦的基本内涵是,A,"国家富强、民族振兴、人民幸福
祖国统一、科技发达、社会和谐
理论自信、道路自信、制度自信
学有所教、劳有所得、病有所医
",1
1005621305,总体上小康是发展不均衡的小康，全面建成小康社会将缩小地区、城乡、各阶层的差距。为此，不正确的做法是,A,"加快中国的发展，迅速缩小与发达国家的差距
高度重视“三农”问题
坚持科学发展观
坚持“五个统筹”的思想
",1
